codearvalis;datemesure;ETP;GLOT;RR;TN;TX;ETP_origine;GLOT_origine;RR_origine;TN_origine;TX_origine;jourjulien;day_sin;day_cos;year;ETP_difference;ETP_anomaly;GLOT_difference;GLOT_anomaly;RR_difference;RR_anomaly;TN_difference;TN_anomaly;TX_difference;TX_anomaly;anomaly;Altitude;Lambert93x;Lambert93y;ETP_pred_autoenc;GLOT_pred_autoenc;TN_pred_autoenc;TX_pred_autoenc;ETP_anomaly_autoenc;GLOT_anomaly_autoenc;TN_anomaly_autoenc;TX_anomaly_autoenc;anomaly_autoenc
4501;2024-01-01;0.7;382.0;4.8;5.2;10.4;0.7;382.0;4.8;5.2;10.4;1;0.0171663297547073;0.9998526477050268;2024;0.0;0;0.0;0;0.0;0;0.0;0;0.0;0;0;125;608739;6765479;0.68149525;378.2926;5.2440724;10.453167;0;0;0;0;0
4501;2024-01-02;0.6;80.0;4.0;8.9;11.0;0.6;80.0;4.0;8.9;11.0;2;0.0343276005132434;0.9994106342455052;2024;0.0;0;0.0;0;0.0;0;0.0;0;0.0;0;0;125;608739;6765479;0.60839903;89.218155;8.829711;10.835635;0;0;0;0;0
4501;2024-01-03;1.4;293.0;0.2;9.4;11.7;1.4;293.0;0.2;9.4;11.7;3;0.0514787547703465;0.9986740898848304;2024;0.0;0;0.0;0;0.0;0;0.0;0;0.0;0;0;125;608739;6765479;1.4084618;298.0915;9.36613;11.448548;0;0;0;0;0
4501;2024-01-04;0.6;258.0;0.4;6.6;11.0;0.6;258.0;0.4;6.6;11.0;4;0.068614738002134;0.9976432316860064;2024;0.0;0;0.0;0;0.0;0;0.0;0;0.0;0;0;125;608739;6765479;0.58416235;252.87088;6.6120057;11.024605;0;0;0;0;0
4501;2024-01-05;0.7;495.0;0.0;3.9;9.7;0.7;495.0;0.0;3.9;9.7;5;0.0857305001556943;0.9963183634476755;2024;0.0;0;0.0;0;0.0;0;0.0;0;0.0;0;0;125;608739;6765479;0.67787296;492.9548;3.9037526;9.784052;0;0;0;0;0
4501;2024-01-06;0.4;247.0;0.4;0.7;7.2;0.4;247.0;0.4;0.7;7.2;6;0.1028209971373604;0.9946998756145892;2024;0.0;0;0.0;0;0.0;0;0.0;0;0.0;0;0;125;608739;6765479;0.39173475;244.29958;0.81018734;7.35505;0;0;0;0;0
4501;2024-01-07;0.7;171.0;0.0;2.4;4.1;0.7;171.0;0.0;2.4;4.1;7;0.1198811922992272;0.99278824516254;2024;0.0;0;0.0;0;0.0;0;0.0;0;0.0;0;0;125;608739;6765479;0.6761828;165.99893;2.5089712;4.2762003;0;0;0;0;0
4501;2024-01-08;0.9;187.0;0.0;-1.4;-0.7;0.9;187.0;0.0;-1.4;-0.7;8;0.1369060579234752;0.990584035457797;2024;0.0;0;0.0;0;0.0;0;0.0;0;0.0;0;0;125;608739;6765479;0.8775571;182.95125;-1.2580106;-0.6161847;0;0;0;0;0
4501;2024-01-09;0.3;223.0;0.0;-3.4;-2.0;0.3;223.0;0.0;-3.4;-2.0;9;0.1538905767040617;0.9880878960910772;2024;0.0;0;0.0;0;0.0;0;0.0;0;0.0;0;0;125;608739;6765479;0.2829471;218.95372;-3.3523076;-2.0132864;0;0;0;0;0
4501;2024-01-10;0.4;218.0;0.0;-3.3;-0.9;0.4;218.0;0.0;-3.3;-0.9;10;0.1708297432253441;0.985300562686109;2024;0.0;0;0.0;0;0.0;0;0.0;0;0.0;0;0;125;608739;6765479;0.38607985;214.1588;-3.222287;-0.8996825;0;0;0;0;0
4501;2024-01-11;0.8;607.0;0.0;-3.6;2.5;0.8;607.0;0.0;-3.6;2.5;11;0.1877185654371987;0.9822228566828408;2024;0.0;0;0.0;0;0.0;0;0.0;0;0.0;0;0;125;608739;6765479;0.7873171;608.66925;-3.5542483;2.4457443;0;0;0;0;0
4501;2024-01-12;0.3;277.0;0.0;-3.4;2.5;0.3;277.0;0.0;-3.4;2.5;12;0.2045520661262008;0.9788556850953578;2024;0.0;0;0.0;0;0.0;0;0.0;0;0.0;0;0;125;608739;6765479;0.2962393;274.32883;-3.315622;2.4979246;0;0;0;0;0
4501;2024-01-13;0.1;133.0;0.0;-2.9;-1.9;0.1;133.0;0.0;-2.9;-1.9;13;0.2213252843824325;0.9752000402445824;2024;0.0;0;0.0;0;0.0;0;0.0;0;0.0;0;0;125;608739;6765479;0.091675386;129.66457;-2.7936845;-1.83528;0;0;0;0;0
4501;2024-01-14;0.1;145.0;0.0;-4.4;-1.1;0.1;145.0;0.0;-4.4;-1.1;14;0.2380332770614856;0.9712569994658314;2024;0.0;0;0.0;0;0.0;0;0.0;0;0.0;0;0;125;608739;6765479;0.10539846;143.9113;-4.2412286;-1.0028027;0;0;0;0;0
4501;2024-01-15;0.6;452.0;0.0;-2.1;4.6;0.6;452.0;0.0;-2.1;4.6;15;0.2546711202412287;0.9670277247913204;2024;0.0;0;0.0;0;0.0;0;0.0;0;0.0;0;0;125;608739;6765479;0.5934004;451.3266;-2.0247793;4.6048465;0;0;0;0;0
4501;2024-01-16;0.5;565.0;12.5;-6.5;3.8;0.5;565.0;12.5;-6.5;3.8;16;0.27123391067291;0.962513462607708;2024;0.0;0;0.0;0;0.0;0;0.0;0;0.0;0;0;125;608739;6765479;0.505952;566.39764;-6.4373837;3.6741467;0;0;0;0;0
4501;2024-01-17;0.1;315.0;11.0;-0.2;14.3;0.1;315.0;11.0;-0.2;14.3;17;0.287716767226167;0.9577155432887804;2024;0.0;0;0.0;0;0.0;0;0.0;0;0.0;0;0;125;608739;6765479;0.11989614;313.58157;-0.061945915;14.419354;0;0;0;0;0
4501;2024-01-18;0.6;465.0;0.0;-0.6;3.7;0.6;465.0;0.0;-0.6;3.7;18;0.3041148323275178;0.9526353808033824;2024;0.0;0;0.0;0;0.0;0;0.0;0;0.0;0;0;125;608739;6765479;0.58539176;463.3497;-0.56451607;3.7155797;0;0;0;0;0
4501;2024-01-19;0.3;711.0;0.0;-5.8;3.3;0.3;711.0;0.0;-5.8;3.3;19;0.3204232733919111;0.9472744722987168;2024;0.0;0;0.0;0;0.0;0;0.0;0;0.0;0;0;125;608739;6765479;0.2995647;712.4787;-5.73172;3.133289;0;0;0;0;0
4501;2024-01-20;0.4;734.0;0.0;-5.4;2.2;0.4;734.0;0.0;-5.4;2.2;20;0.3366372842469102;0.941634397659126;2024;0.0;0;0.0;0;0.0;0;0.0;0;0.0;0;0;125;608739;6765479;0.39411277;735.6703;-5.436702;2.0264595;0;0;0;0;0
4501;2024-01-21;0.6;235.0;0.0;-2.0;11.0;0.6;235.0;0.0;-2.0;11.0;21;0.3527520865490948;0.9357168190404936;2024;0.0;0;0.0;0;0.0;0;0.0;0;0.0;0;0;125;608739;6765479;0.61812544;232.18758;-1.7866522;11.094005;0;0;0;0;0
4501;2024-01-22;0.7;300.4;0.4;7.2;11.4;0.7;205.0;0.4;7.2;11.4;22;0.3687629311922601;0.9295234803804004;2024;0.0;0;-95.39999999999998;1;0.0;0;0.0;0;0.0;0;1;125;608739;6765479;0.72693026;214.99826;7.3423667;11.5476885;0;0;0;0;0
4501;2024-01-23;0.4;232.0;0.4;5.7;12.9;0.4;232.0;0.4;5.7;12.9;23;0.3846650997070012;0.923056206884176;2024;0.0;0;0.0;0;0.0;0;0.0;0;0.0;0;0;125;608739;6765479;0.41594568;234.60349;5.868901;13.142889;0;0;0;0;0
4501;2024-01-24;0.5;273.0;3.0;11.2;14.2;0.5;273.0;3.0;11.2;14.2;24;0.4004539056512664;0.9163169044870048;2024;0.0;0;0.0;0;0.0;0;0.0;0;0.0;0;0;125;608739;6765479;0.5149521;286.16815;10.9653015;14.087735;0;0;0;0;0
4501;2024-01-25;0.9;302.0;0.6;10.6;13.6;0.9;302.0;0.6;10.6;13.6;25;0.4161246959914744;0.9093075592922358;2024;0.0;0;0.0;0;0.0;0;0.0;0;0.0;0;0;125;608739;6765479;0.9223083;319.6783;10.479715;13.523864;0;0;0;0;0
4501;2024-01-26;0.7;314.0;1.4;5.2;11.9;0.7;314.0;1.4;5.2;11.9;26;0.4316728524737838;0.9020302369860708;2024;0.0;0;0.0;0;0.0;0;0.0;0;0.0;0;0;125;608739;6765479;0.7109551;317.63245;5.3178067;12.064592;0;0;0;0;0
4501;2024-01-27;0.9;764.0;0.0;-1.3;10.2;0.9;764.0;0.0;-1.3;10.2;27;0.4470937929851138;0.8944870822287956;2024;0.0;0;0.0;0;0.0;0;0.0;0;0.0;0;0;125;608739;6765479;0.8997174;765.3597;-1.2768399;10.179121;0;0;0;0;0
4501;2024-01-28;0.5;583.0;0.0;-1.0;11.9;0.5;583.0;0.0;-1.0;11.9;28;0.4623829729035149;0.88668031802274;2024;0.0;0;0.0;0;0.0;0;0.0;0;0.0;0;0;125;608739;6765479;0.50892043;581.78284;-0.9370817;11.919824;0;0;0;0;0
4501;2024-01-29;0.9;651.0;0.0;1.8;14.4;0.9;651.0;0.0;4.4;14.4;29;0.4775358864374882;0.8786122450571483;2024;0.0;0;0.0;0;0.0;0;2.6000000000000005;1;0.0999999999999996;0;1;125;608739;6765479;0.8883186;655.38525;4.400661;14.515759;0;0;0;0;0
4501;2024-01-30;0.7;187.0;0.4;9.5;11.3;0.7;187.0;0.4;9.5;11.3;30;0.4925480679538643;0.8702852410301553;2024;0.0;0;0.0;0;0.0;0;0.0;0;0.0;0;0;125;608739;6765479;0.7297959;200.78549;9.402757;11.229743;0;0;0;0;0
4501;2024-01-31;0.7;483.0;0.0;6.5;12.3;0.7;483.0;0.0;6.5;12.3;31;0.5074150932938455;0.8617017599480682;2024;0.0;0;0.0;0;0.0;0;0.0;0;0.0;0;0;125;608739;6765479;0.7036199;490.40814;6.3798075;12.281115;0;0;0;0;0
4501;2024-02-01;0.4;188.0;2.2;7.2;11.4;0.4;188.0;2.2;7.2;11.4;32;0.5221325810768248;0.8528643314021597;2024;0.0;0;0.0;0;0.0;0;0.0;0;0.0;0;0;125;608739;6765479;0.4181423;191.83107;7.1274705;11.422454;0;0;0;0;0
4501;2024-02-02;0.4;419.0;0.2;3.7;9.0;0.4;419.0;0.2;3.7;9.0;33;0.5366961939916004;0.8437755598231856;2024;0.0;0;0.0;0;0.0;0;0.0;0;0.0;0;0;125;608739;6765479;0.39647824;415.4922;3.5891464;9.009457;0;0;0;0;0
4501;2024-02-03;0.1;158.0;0.0;5.8;9.4;0.1;158.0;0.0;5.8;9.4;34;0.5511016400746002;0.8344381237138473;2024;0.0;0;0.0;0;0.0;0;0.0;0;0.0;0;0;125;608739;6765479;0.10102011;151.6688;5.5707145;9.32754;0;0;0;0;0
4501;2024-02-04;0.7;150.0;0.0;8.0;9.2;0.7;150.0;0.0;8.0;9.2;35;0.5653446739747429;0.8248547748594244;2024;0.0;0;0.0;0;0.0;0;0.0;0;0.0;0;0;125;608739;6765479;0.72101146;157.52243;7.9546404;9.129636;0;0;0;0;0
4501;2024-02-05;0.6;160.0;0.0;6.3;7.6;0.6;160.0;0.0;6.3;7.6;36;0.5794210982045637;0.8150283375168114;2024;0.0;0;0.0;0;0.0;0;0.0;0;0.0;0;0;125;608739;6765479;0.61707294;162.15768;6.2046027;7.5332503;0;0;0;0;0
4501;2024-02-06;0.9;641.0;0.0;5.8;11.9;0.9;641.0;0.0;5.8;11.9;37;0.593326764377232;0.8049617075821959;2024;0.0;0;0.0;0;0.0;0;0.0;0;0.0;0;0;125;608739;6765479;0.884001;646.92944;5.717736;11.837681;0;0;0;0;0
4501;2024-02-07;0.7;187.0;2.0;9.4;12.2;0.7;187.0;2.0;9.4;12.2;38;0.6070575744291002;0.7946578517376252;2024;0.0;0;0.0;0;0.0;0;0.0;0;0.0;0;0;125;608739;6765479;0.7116657;196.1908;9.455539;12.169638;0;0;0;0;0
4501;2024-02-08;1.0;196.0;4.2;11.0;12.8;1.0;196.0;4.2;11.0;12.8;39;0.6206094818274227;0.7841198065767105;2024;0.0;0;0.0;0;0.0;0;0.0;0;0.0;0;0;125;608739;6765479;0.99037707;208.60774;11.03139;12.765249;0;0;0;0;0
4501;2024-02-09;1.4;297.0;0.8;9.4;13.0;1.4;297.0;0.8;9.4;13.0;40;0.6339784927628866;0.7733506777097299;2024;0.0;0;0.0;0;0.0;0;0.0;0;0.0;0;0;125;608739;6765479;1.3872615;308.99292;9.482652;12.997466;0;0;0;0;0
4501;2024-02-10;0.4;176.0;8.4;6.7;9.6;0.4;176.0;8.4;6.7;9.6;41;0.647160667326606;0.7623536388483904;2024;0.0;0;0.0;0;0.0;0;0.0;0;0.0;0;0;125;608739;6765479;0.40320122;174.57216;6.683869;9.588758;0;0;0;0;0
4501;2024-02-11;1.1;405.3;0.0;6.9;10.0;1.1;298.0;0.0;6.9;10.0;42;0.6601521206712317;0.7511319308705199;2024;0.0;0;-107.3;1;0.0;0;0.0;0;0.0;0;1;125;608739;6765479;1.0971681;302.89035;7.002492;9.977535;0;0;0;0;0
4501;2024-02-12;0.9;630.0;0.0;3.3;11.0;0.9;630.0;0.0;3.3;11.0;43;0.6729490241558329;0.7396888608649669;2024;0.0;0;0.0;0;0.0;0;0.0;0;0.0;0;0;125;608739;6765479;0.87138283;626.2993;3.2517874;11.006685;0;0;0;0;0
4501;2024-02-13;0.7;605.0;0.0;1.7;11.3;0.7;605.0;0.0;1.7;11.3;44;0.6855476064742154;0.7280278011569848;2024;0.0;0;0.0;0;0.0;0;0.0;0;0.0;0;0;125;608739;6765479;0.6804055;598.5929;1.507667;11.228139;0;0;0;0;0
4501;2024-02-14;1.3;596.0;0.0;9.2;15.6;1.3;596.0;0.0;9.2;15.6;45;0.6979441547663435;0.7161521883143933;2024;0.0;0;0.0;0;0.0;0;0.0;0;0.0;0;0;125;608739;6765479;1.3214844;595.75616;9.323235;15.493921;0;0;0;0;0
4501;2024-02-15;2.2;801.0;0.0;8.3;19.0;2.2;801.0;0.0;8.3;19.0;46;0.7101350157125358;0.7040655221348057;2024;0.0;0;0.0;0;0.0;0;0.0;0;0.0;0;0;125;608739;6765479;2.1808457;812.8479;8.424718;18.945246;0;0;0;0;0
4501;2024-02-16;1.0;257.0;0.6;10.5;13.2;1.0;257.0;0.6;10.5;13.2;47;0.7221165966101162;0.691771364614222;2024;0.0;0;0.0;0;0.0;0;0.0;0;0.0;0;0;125;608739;6765479;0.98755616;270.9205;10.547772;13.033565;0;0;0;0;0
4501;2024-02-17;1.6;1081.0;0.0;7.4;14.1;1.6;1081.0;0.0;7.4;14.1;48;0.733885366432199;0.6792733388972931;2024;0.0;0;0.0;0;0.0;0;0.0;0;0.0;0;0;125;608739;6765479;1.6718959;1087.0109;7.1956506;13.867105;1;0;0;0;1
4501;2024-02-18;0.4;196.0;1.4;5.6;11.0;0.4;196.0;1.4;5.6;11.0;49;0.7454378568683001;0.6665751282095632;2024;0.0;0;0.0;0;0.0;0;0.0;0;0.0;0;0;125;608739;6765479;0.41476852;197.53409;5.6258726;10.861357;0;0;0;0;0
4501;2024-02-19;0.9;421.0;0.2;9.0;11.5;0.9;421.0;0.2;9.0;11.5;50;0.7567706633464625;0.653680474772006;2024;0.0;0;0.0;0;0.0;0;0.0;0;0.0;0;0;125;608739;6765479;0.884402;432.3936;9.1906;11.336685;0;0;0;0;0
4501;2024-02-20;0.81;379.0;0.0;3.4;9.5;0.3;379.0;0.0;2.6;9.5;51;0.7678804460366;0.6405931786981751;2024;-0.51;1;0.0;0;0.0;0;-0.7999999999999998;1;-0.6999999999999993;0;1;125;608739;6765479;0.2977915;372.94638;2.5362148;9.366822;0;0;0;0;0
4501;2024-02-21;0.7;294.0;9.6;5.0;11.7;0.7;294.0;9.6;5.0;11.7;52;0.7787639308347607;0.6273170968742937;2024;0.0;0;0.0;0;0.0;0;0.0;0;0.0;0;0;125;608739;6765479;0.71484196;299.09494;5.0711374;11.513172;0;0;0;0;0
4501;2024-02-22;0.8;217.0;10.3;7.0;12.9;0.8;217.0;10.3;7.0;12.9;53;0.7894179103280197;0.613856141822612;2024;0.0;0;0.0;0;0.0;0;0.0;0;0.0;0;0;125;608739;6765479;0.8395421;230.8708;7.118499;12.594945;0;0;0;1;1
4501;2024-02-23;1.3;687.0;1.0;3.8;9.1;1.3;687.0;1.0;3.8;9.1;54;0.7998392447397193;0.6002142805483682;2024;0.0;0;0.0;0;0.0;0;0.0;0;0.0;0;0;125;608739;6765479;1.2858989;688.89075;3.8298593;8.9948;0;0;0;0;0
4501;2024-02-24;1.2;710.0;1.2;2.2;9.3;1.2;710.0;1.2;2.2;9.3;55;0.8100248628547753;0.5863955333706956;2024;0.0;0;0.0;0;0.0;0;0.0;0;0.0;0;0;125;608739;6765479;1.2131304;711.90643;2.1800838;9.14466;0;0;0;0;0
4501;2024-02-25;0.4;318.0;8.0;4.2;9.3;0.4;318.0;8.0;4.2;9.3;56;0.8199717629247771;0.5724039727378148;2024;0.0;0;0.0;0;0.0;0;0.0;0;0.0;0;0;125;608739;6765479;0.4054719;318.0282;4.2630305;9.092404;0;0;0;0;0
4501;2024-02-26;1.1;509.0;7.1;6.5;11.1;1.1;509.0;7.1;6.5;11.1;57;0.8296770135526188;0.5582437220268648;2024;0.0;0;0.0;0;0.0;0;0.0;0;0.0;0;0;125;608739;6765479;1.0765576;512.2892;6.76152;10.994281;0;0;0;0;0
4501;2024-02-27;1.3;384.0;0.0;4.9;8.8;1.3;384.0;0.0;4.9;8.8;58;0.8391377545563938;0.5439189543287247;2024;0.0;0;0.0;0;0.0;0;0.0;0;0.0;0;0;125;608739;6765479;1.2896485;388.38348;5.1456757;8.677041;0;0;0;0;0
4501;2024-02-28;0.4;989.0;0.0;-1.6;9.7;0.4;989.0;0.0;-1.6;9.7;59;0.8483511978123038;0.5294338912181853;2024;0.0;0;0.0;0;0.0;0;0.0;0;0.0;0;0;125;608739;6765479;0.45246157;987.4188;-1.7976377;9.311948;0;0;0;1;1
4501;2024-02-29;0.6;320.0;0.4;6.5;11.3;0.6;320.0;0.4;6.5;11.3;60;0.8573146280763322;0.5147928015098309;2024;0.0;0;0.0;0;0.0;0;0.0;0;0.0;0;0;125;608739;6765479;0.5962607;323.01355;6.561374;11.184816;0;0;0;0;0
4501;2024-03-01;0.9;557.0;4.0;4.0;10.2;0.9;557.0;4.0;4.0;10.2;61;0.8660254037844386;0.5000000000000001;2024;0.0;0;0.0;0;0.0;0;0.0;0;0.0;0;0;125;608739;6765479;0.8837027;552.39374;4.0212636;10.223595;0;0;0;0;0
4501;2024-03-02;0.6;250.0;19.8;4.9;8.5;0.6;250.0;19.8;4.9;8.5;62;0.8744809578310397;0.4850598461951962;2024;0.0;0;0.0;0;0.0;0;0.0;0;0.0;0;0;125;608739;6765479;0.6134165;254.20876;5.085599;8.248473;0;0;0;0;0
4501;2024-03-03;1.3;897.0;0.0;3.7;9.3;1.3;786.0;0.0;3.7;9.3;63;0.8826787983255474;0.4699767430273199;2024;0.0;0;-111.0;1;0.0;0;0.0;0;0.0;0;1;125;608739;6765479;1.3081698;779.18787;3.6999326;9.288113;0;0;0;0;0
4501;2024-03-04;1.2;1304.0;0.4;-1.4;11.7;1.2;1304.0;0.4;-1.4;11.7;64;0.8906165093267404;0.4547551355561058;2024;0.0;0;0.0;0;0.0;0;0.0;0;0.0;0;0;125;608739;6765479;1.2367939;1300.7941;-1.3259944;11.583885;0;0;0;0;0
4501;2024-03-05;1.8;1208.0;1.2;5.2;10.8;1.8;1208.0;1.2;5.2;10.8;65;0.8982917515547528;0.4393995096591417;2024;0.0;0;0.0;0;0.0;0;0.0;0;0.0;0;0;125;608739;6765479;1.8333126;1204.5859;5.207121;10.702102;0;0;0;0;0
4501;2024-03-06;1.2;718.0;0.0;4.5;9.9;1.2;718.0;0.0;4.5;9.9;66;0.9057022630804714;0.4239143907098607;2024;0.0;0;0.0;0;0.0;0;0.0;0;0.0;0;0;125;608739;6765479;1.2072104;707.2215;4.459895;10.088927;0;0;0;0;0
4501;2024-03-07;1.5;1483.0;0.0;-0.4;13.6;1.5;1483.0;0.0;-0.4;13.6;67;0.9128458599921356;0.4083043422438933;2024;0.0;0;0.0;0;0.0;0;0.0;0;0.0;0;0;125;608739;6765479;1.5436798;1487.8124;-0.37740156;13.5572195;0;0;0;0;0
4501;2024-03-08;1.8;969.0;0.0;1.1;15.0;1.8;969.0;0.0;1.1;15.0;68;0.9197204370389468;0.3925739646141717;2024;0.0;0;0.0;0;0.0;0;0.0;0;0.0;0;0;125;608739;6765479;1.8075609;969.32794;1.1960294;14.966026;0;0;0;0;0
4501;2024-03-09;1.4;502.0;10.7;5.0;12.5;1.4;502.0;10.7;5.0;12.5;69;0.926323968251495;0.3767278936351851;2024;0.0;0;0.0;0;0.0;0;0.0;0;0.0;0;0;125;608739;6765479;1.408602;498.00058;5.101539;12.457013;0;0;0;0;0
4501;2024-03-10;1.0;869.0;0.0;3.3;12.4;1.0;869.0;0.0;3.3;12.4;70;0.9326545075388224;0.3607707992167834;2024;0.0;0;0.0;0;0.0;0;0.0;0;0.0;0;0;125;608739;6765479;1.0077206;850.4722;3.4888334;12.495568;0;0;0;0;0
4501;2024-03-11;1.1;1244.0;0.6;1.2;13.2;1.1;1244.0;0.6;1.2;13.2;71;0.9387101892619444;0.3447073839879338;2024;0.0;0;0.0;0;0.0;0;0.0;0;0.0;0;0;125;608739;6765479;1.1286287;1229.7617;1.3214182;13.378341;0;0;0;0;0
4501;2024-03-12;0.3;492.0;3.2;4.7;11.9;0.3;492.0;3.2;4.7;11.9;72;0.9444892287836611;0.3285423819108348;2024;0.0;0;0.0;0;0.0;0;0.0;0;0.0;0;0;125;608739;6765479;0.29149348;490.08597;4.89971;11.812869;0;0;0;0;0
4501;2024-03-13;1.2;608.0;0.2;8.9;12.9;1.2;608.0;0.2;8.9;12.9;73;0.949989922994501;0.3122805568857947;2024;0.0;0;0.0;0;0.0;0;0.0;0;0.0;0;0;125;608739;6765479;1.2099867;617.42365;8.8879595;12.982248;0;0;0;0;0
4501;2024-03-14;1.7;1438.0;0.2;2.8;18.7;1.7;1438.0;0.2;2.8;18.7;74;0.9552106508146316;0.2959267013472893;2024;0.0;0;0.0;0;0.0;0;0.0;0;0.0;0;0;125;608739;6765479;1.7316256;1437.9453;2.9771452;18.659153;0;0;0;0;0
4501;2024-03-15;2.0;872.1;2.0;11.8;15.3;2.0;688.0;2.0;11.8;15.3;75;0.9601498736716018;0.2794856348516095;2024;0.0;0;-184.1;1;0.0;0;0.0;0;0.0;0;1;125;608739;6765479;2.0459838;694.6637;11.941042;14.633813;0;0;0;1;1
4501;2024-03-16;2.0;991.0;1.6;9.6;14.7;2.0;991.0;1.6;9.6;14.7;76;0.9648061359537644;0.2629622026565149;2024;0.0;0;0.0;0;0.0;0;0.0;0;0.0;0;0;125;608739;6765479;2.0435145;985.26794;9.224653;14.669713;0;0;1;0;1
4501;2024-03-17;1.4;640.0;4.8;9.8;17.2;1.4;640.0;4.8;9.8;17.2;77;0.9691780654392536;0.2463612742933148;2024;0.0;0;0.0;0;0.0;0;0.0;0;0.0;0;0;125;608739;6765479;1.3441652;617.9436;9.960602;17.162584;0;1;0;0;1
4501;2024-03-18;2.0;1468.0;0.2;9.4;17.4;2.0;1468.0;0.2;9.4;17.4;78;0.9732643737003824;0.2296877421317957;2024;0.0;0;0.0;0;0.0;0;0.0;0;0.0;0;0;125;608739;6765479;2.0301337;1465.8446;9.414378;17.419647;0;0;0;0;0
4501;2024-03-19;1.7;1650.0;0.0;4.5;17.4;1.7;1650.0;0.0;4.5;17.4;79;0.9770638564833508;0.2129465199384158;2024;0.0;0;0.0;0;0.0;0;0.0;0;0.0;0;0;125;608739;6765479;1.7241458;1648.7399;4.646598;17.357521;0;0;0;0;0
4501;2024-03-20;2.2;1524.0;0.2;5.9;20.6;2.2;1524.0;0.2;5.9;20.6;80;0.9805753940631428;0.1961425414281969;2024;0.0;0;0.0;0;0.0;0;0.0;0;0.0;0;0;125;608739;6765479;2.2080297;1531.3264;6.012634;20.476866;0;0;0;0;0
4501;2024-03-21;1.9;1620.0;0.0;7.9;19.2;1.9;1620.0;0.0;7.9;19.2;81;0.9837979515735163;0.1792807588107357;2024;0.0;0;0.0;0;0.0;0;0.0;0;0.0;0;0;125;608739;6765479;1.9250797;1620.3403;8.025674;19.146465;0;0;0;0;0
4501;2024-03-22;2.2;1726.0;1.4;6.1;19.1;2.2;1726.0;1.4;6.1;19.1;82;0.9867305793119814;0.162366141330764;2024;0.0;0;0.0;0;0.0;0;0.0;0;0.0;0;0;125;608739;6765479;2.1953928;1730.4347;6.176863;19.03037;0;0;0;0;0
4501;2024-03-23;1.7;1251.0;1.4;3.7;11.2;1.7;1251.0;1.4;3.7;11.2;83;0.989372413019683;0.1454036738036897;2024;0.0;0;0.0;0;0.0;0;0.0;0;0.0;0;0;125;608739;6765479;1.7081678;1255.3357;3.7278504;11.218067;0;0;0;0;0
4501;2024-03-24;1.7;1289.0;0.0;2.3;12.1;1.7;1289.0;0.0;2.3;12.1;84;0.9917226741361016;0.1283983551465509;2024;0.0;0;0.0;0;0.0;0;0.0;0;0.0;0;0;125;608739;6765479;1.7060723;1290.1449;2.291366;12.049397;0;0;0;0;0
4501;2024-03-25;2.0;1513.0;0.6;0.3;13.5;2.0;1513.0;0.6;0.3;13.5;85;0.9937806700284983;0.1113551969048087;2024;0.0;0;0.0;0;0.0;0;0.0;0;0.0;0;0;125;608739;6765479;1.9821777;1510.8337;0.18586646;13.374608;0;0;0;0;0
4501;2024-03-26;0.9;455.0;6.7;6.4;11.4;0.9;455.0;6.7;6.4;11.4;86;0.9955457941960382;0.0942792217754245;2024;0.0;0;0.0;0;0.0;0;0.0;0;0.0;0;0;125;608739;6765479;0.89667016;472.02545;6.534818;11.358123;0;0;0;0;0
4501;2024-03-27;2.0;1032.0;6.0;5.0;12.4;2.0;1032.0;6.0;5.0;12.4;87;0.9970175264485268;0.0771754621266465;2024;0.0;0;0.0;0;0.0;0;0.0;0;0.0;0;0;125;608739;6765479;2.0020251;1041.5227;4.943176;12.31337;0;0;0;0;0
4501;2024-03-28;2.4;1596.0;2.0;5.6;11.6;2.4;1596.0;2.0;5.6;11.6;88;0.998195433059714;0.0600489585149486;2024;0.0;0;0.0;0;0.0;0;0.0;0;0.0;0;0;125;608739;6765479;2.3734689;1599.3021;5.3967257;11.541026;0;0;0;0;0
4501;2024-03-29;1.7;715.0;29.5;8.0;13.4;1.7;715.0;29.5;8.0;13.4;89;0.9990791668951152;0.0429047581995543;2024;0.0;0;0.0;0;0.0;0;0.0;0;0.0;0;0;125;608739;6765479;1.6964062;706.05664;7.846581;13.334702;0;0;0;0;0
4501;2024-03-30;1.5;845.0;0.4;5.6;12.2;1.5;845.0;0.4;5.6;12.2;90;0.999668467514313;0.0257479136549886;2024;0.0;0;0.0;0;0.0;0;0.0;0;0.0;0;0;125;608739;6765479;1.5158049;840.8586;5.51639;12.1987705;0;0;0;0;0
4501;2024-03-31;1.6;1161.0;0.8;3.5;15.8;1.6;1161.0;0.8;3.5;15.8;91;0.99996316124771;0.008583481082087;2024;0.0;0;0.0;0;0.0;0;0.0;0;0.0;0;0;125;608739;6765479;1.6269436;1157.1542;3.4312046;15.542722;0;0;0;0;0
4501;2024-04-01;2.2;1080.0;3.0;6.6;14.1;2.2;1080.0;3.0;6.6;14.1;92;0.99996316124771;-0.0085834810820869;2024;0.0;0;0.0;0;0.0;0;0.0;0;0.0;0;0;125;608739;6765479;2.2097428;1083.7252;6.4392877;13.876647;0;0;0;0;0
4501;2024-04-02;2.3;1158.0;8.5;6.7;14.9;2.3;1158.0;8.5;6.7;14.9;93;0.9996684675143132;-0.0257479136549883;2024;0.0;0;0.0;0;0.0;0;0.0;0;0.0;0;0;125;608739;6765479;2.30542;1157.6477;6.6643424;14.733989;0;0;0;0;0
4501;2024-04-03;2.3;1192.0;3.2;9.7;17.1;2.3;1192.0;3.2;9.7;17.1;94;0.9990791668951152;-0.0429047581995544;2024;0.0;0;0.0;0;0.0;0;0.0;0;0.0;0;0;125;608739;6765479;2.3425422;1179.8998;10.005401;17.041239;0;0;1;0;1
4501;2024-04-04;2.4;1162.0;0.8;11.4;17.5;2.4;1162.0;0.8;11.4;17.5;95;0.998195433059714;-0.0600489585149482;2024;0.0;0;0.0;0;0.0;0;0.0;0;0.0;0;0;125;608739;6765479;2.4560587;1144.9838;11.73647;17.490852;0;0;1;0;1
4501;2024-04-05;2.9;869.0;0.4;12.3;19.1;2.9;869.0;0.4;12.3;19.1;96;0.9970175264485268;-0.0771754621266461;2024;0.0;0;0.0;0;0.0;0;0.0;0;0.0;0;0;125;608739;6765479;2.8630354;890.6005;12.382591;19.249573;0;1;0;0;1
4501;2024-04-06;4.2;1218.0;0.0;12.1;23.4;4.2;1218.0;0.0;12.1;23.4;97;0.9955457941960382;-0.0942792217754244;2024;0.0;0;0.0;0;0.0;0;0.0;0;0.0;0;0;125;608739;6765479;4.172572;1259.8818;12.283926;23.810173;0;1;0;1;1
4501;2024-04-07;3.2;1022.0;7.5;12.7;20.5;3.2;1022.0;7.5;12.7;20.5;98;0.9937806700284983;-0.1113551969048086;2024;0.0;0;0.0;0;0.0;0;0.0;0;0.0;0;0;125;608739;6765479;3.1225011;1060.2631;12.749347;20.587837;1;1;0;0;1
4501;2024-04-08;3.7;1915.0;1.6;9.4;23.1;3.7;1915.0;1.6;9.4;23.1;99;0.9917226741361016;-0.128398355146551;2024;0.0;0;0.0;0;0.0;0;0.0;0;0.0;0;0;125;608739;6765479;3.752128;1921.4226;9.32637;23.098541;0;0;0;0;0
4501;2024-04-09;3.4;1894.0;0.8;6.9;14.1;3.4;1894.0;0.8;6.9;14.1;100;0.9893724130196828;-0.1454036738036898;2024;0.0;0;0.0;0;0.0;0;0.0;0;0.0;0;0;125;608739;6765479;3.4273424;1885.9294;7.10583;14.094263;0;0;0;0;0
4501;2024-04-10;2.3;2052.0;0.0;1.6;16.0;2.3;2052.0;0.0;1.6;16.0;101;0.9867305793119814;-0.1623661413307636;2024;0.0;0;0.0;0;0.0;0;0.0;0;0.0;0;0;125;608739;6765479;2.2856205;2054.312;1.6190888;15.935477;0;0;0;0;0
4501;2024-04-11;2.5;1418.0;0.2;10.2;19.4;2.5;1418.0;0.2;10.2;19.4;102;0.9837979515735163;-0.1792807588107356;2024;0.0;0;0.0;0;0.0;0;0.0;0;0.0;0;0;125;608739;6765479;2.5097537;1414.8563;10.365686;19.372753;0;0;0;0;0
4501;2024-04-12;2.6;2152.0;0.0;7.1;23.5;2.6;2152.0;0.0;7.1;23.5;103;0.980575394063143;-0.1961425414281968;2024;0.0;0;0.0;0;0.0;0;0.0;0;0.0;0;0;125;608739;6765479;2.5150733;2172.649;6.9824696;23.230896;1;1;0;0;1
4501;2024-04-13;4.0;2224.0;0.2;10.2;26.3;4.0;2224.0;0.2;10.2;26.3;104;0.9770638564833508;-0.2129465199384159;2024;0.0;0;0.0;0;0.0;0;0.0;0;0.0;0;0;125;608739;6765479;3.9831128;2211.4253;9.710496;26.423212;0;0;1;0;1
4501;2024-04-14;3.1;2147.0;0.0;8.7;21.0;3.1;2147.0;0.0;8.7;21.0;105;0.9732643737003824;-0.2296877421317956;2024;0.0;0;0.0;0;0.0;0;0.0;0;0.0;0;0;125;608739;6765479;3.0192337;2169.0542;8.784278;20.898424;1;1;0;0;1
4501;2024-04-15;2.7;1446.0;1.6;7.0;14.5;2.7;1446.0;1.6;7.0;14.5;106;0.9691780654392536;-0.2463612742933147;2024;0.0;0;0.0;0;0.0;0;0.0;0;0.0;0;0;125;608739;6765479;2.6935425;1436.7478;7.0570793;14.449627;0;0;0;0;0
4501;2024-04-16;2.7;1702.0;1.0;4.5;14.4;2.7;1702.0;1.0;4.5;14.4;107;0.9648061359537646;-0.2629622026565145;2024;0.0;0;0.0;0;0.0;0;0.0;0;0.0;0;0;125;608739;6765479;2.6958578;1705.3523;4.4749045;14.323712;0;0;0;0;0
4501;2024-04-17;2.1;1666.4;2.8;1.8;13.8;2.1;1424.0;2.8;1.8;13.8;108;0.9601498736716018;-0.2794856348516094;2024;0.0;0;-242.4000000000001;1;0.0;0;0.0;0;0.0;0;1;125;608739;6765479;2.0590515;1427.7596;1.5971712;13.644851;0;0;0;0;0
4501;2024-04-18;2.3;1900.0;0.0;1.6;12.8;2.3;1900.0;0.0;1.6;12.8;109;0.9552106508146316;-0.2959267013472892;2024;0.0;0;0.0;0;0.0;0;0.0;0;0.0;0;0;125;608739;6765479;2.2844603;1905.8174;1.7010508;12.850651;0;0;0;0;0
4501;2024-04-19;2.0;1016.0;0.8;4.9;13.8;2.0;1016.0;0.8;4.9;13.8;110;0.949989922994501;-0.3122805568857947;2024;0.0;0;0.0;0;0.0;0;0.0;0;0.0;0;0;125;608739;6765479;1.9901476;1017.0235;4.7683406;13.616832;0;0;0;0;0
4501;2024-04-20;2.5;1830.0;0.0;1.8;12.0;2.5;1830.0;0.0;1.8;12.0;111;0.9444892287836611;-0.3285423819108347;2024;0.0;0;0.0;0;0.0;0;0.0;0;0.0;0;0;125;608739;6765479;2.4865181;1840.8159;1.8598924;12.0454645;0;0;0;0;0
4501;2024-04-21;2.4;1846.0;0.2;-0.1;11.9;2.4;1846.0;0.2;-0.1;11.9;112;0.9387101892619444;-0.3447073839879337;2024;0.0;0;0.0;0;0.0;0;0.0;0;0.0;0;0;125;608739;6765479;2.378517;1854.7603;0.050547503;11.991521;0;0;0;0;0
4501;2024-04-22;2.4;1819.0;1.6;0.5;11.2;2.4;1819.0;1.6;0.5;11.2;113;0.9326545075388224;-0.3607707992167831;2024;0.0;0;0.0;0;0.0;0;0.0;0;0.0;0;0;125;608739;6765479;2.3798761;1828.6246;0.6595671;11.318338;0;0;0;0;0
4501;2024-04-23;2.6;2299.0;0.0;-0.1;11.9;2.6;2299.0;0.0;-0.1;11.9;114;0.926323968251495;-0.376727893635185;2024;0.0;0;0.0;0;0.0;0;0.0;0;0.0;0;0;125;608739;6765479;2.614459;2306.0176;0.05713463;12.127507;0;0;0;0;0
4501;2024-04-24;1.7;960.0;0.0;2.4;11.3;1.7;960.0;0.0;2.4;11.3;115;0.9197204370389468;-0.3925739646141717;2024;0.0;0;0.0;0;0.0;0;0.0;0;0.0;0;0;125;608739;6765479;1.6633852;971.93445;2.166577;11.193956;0;0;0;0;0
4501;2024-04-25;2.2;1618.0;0.0;3.1;12.9;2.2;1618.0;0.0;3.1;12.9;116;0.9128458599921356;-0.4083043422438934;2024;0.0;0;0.0;0;0.0;0;0.0;0;0.0;0;0;125;608739;6765479;2.1829977;1630.0931;3.0324004;12.881161;0;0;0;0;0
4501;2024-04-26;2.4;1529.0;1.6;5.3;16.2;2.4;1529.0;1.6;5.3;16.2;117;0.9057022630804716;-0.4239143907098606;2024;0.0;0;0.0;0;0.0;0;0.0;0;0.0;0;0;125;608739;6765479;2.408003;1524.8043;5.3163347;16.11799;0;0;0;0;0
4501;2024-04-27;1.9;919.0;15.5;8.4;15.8;1.9;919.0;15.5;8.4;15.8;118;0.898291751554753;-0.4393995096591414;2024;0.0;0;0.0;0;0.0;0;0.0;0;0.0;0;0;125;608739;6765479;1.9421707;909.2652;8.691529;15.782919;0;0;0;0;0
4501;2024-04-28;3.6;1811.0;1.6;8.9;16.8;3.6;1811.0;1.6;8.9;16.8;119;0.8906165093267405;-0.4547551355561055;2024;0.0;0;0.0;0;0.0;0;0.0;0;0.0;0;0;125;608739;6765479;3.5157306;1813.9951;8.826771;16.924217;1;0;0;0;1
4501;2024-04-29;2.6;1801.0;1.8;4.2;18.0;2.6;1801.0;1.8;4.2;18.0;120;0.8826787983255476;-0.4699767430273197;2024;0.0;0;0.0;0;0.0;0;0.0;0;0.0;0;0;125;608739;6765479;2.645646;1782.3391;4.182675;18.097973;0;0;0;0;0
4501;2024-04-30;1.6;955.5;10.3;11.1;17.6;1.6;594.0;10.3;11.1;17.6;121;0.8744809578310397;-0.4850598461951961;2024;0.0;0;-361.5;1;0.0;0;0.0;0;0.0;0;1;125;608739;6765479;1.6832925;579.2564;11.52005;17.338894;1;0;1;0;1
4501;2024-05-01;1.0;434.0;10.6;12.1;15.0;1.0;434.0;10.6;12.1;15.0;122;0.8660254037844387;-0.4999999999999998;2024;0.0;0;0.0;0;0.0;0;0.0;0;0.0;0;0;125;608739;6765479;0.9546279;452.90192;12.200412;15.623957;0;0;0;1;1
4501;2024-05-02;1.1;588.0;1.6;9.0;12.4;1.1;588.0;1.6;9.0;12.4;123;0.8573146280763323;-0.5147928015098308;2024;0.0;0;0.0;0;0.0;0;0.0;0;0.0;0;0;125;608739;6765479;1.1414448;618.3345;8.960617;12.498011;0;1;0;0;1
4501;2024-05-03;2.3;1748.0;7.5;5.8;15.7;2.3;1748.0;7.5;5.8;15.7;124;0.848351197812304;-0.5294338912181852;2024;0.0;0;0.0;0;0.0;0;0.0;0;0.0;0;0;125;608739;6765479;2.344979;1737.7491;5.8230715;15.881716;0;0;0;0;0
4501;2024-05-04;1.0;923.0;4.0;6.6;12.8;1.0;923.0;4.0;6.6;12.8;125;0.8391377545563939;-0.5439189543287246;2024;0.0;0;0.0;0;0.0;0;0.0;0;0.0;0;0;125;608739;6765479;1.0272338;930.68646;6.5197697;12.733704;0;0;0;0;0
4501;2024-05-05;1.1;843.0;2.4;10.8;15.3;1.1;843.0;2.4;10.8;15.3;126;0.8296770135526188;-0.5582437220268649;2024;0.0;0;0.0;0;0.0;0;0.0;0;0.0;0;0;125;608739;6765479;1.1732008;828.4614;11.036162;15.427273;1;0;0;0;1
4501;2024-05-06;3.0;1769.0;1.2;8.5;18.2;3.0;1769.0;1.2;8.5;18.2;127;0.8199717629247771;-0.5724039727378148;2024;0.0;0;0.0;0;0.0;0;0.0;0;0.0;0;0;125;608739;6765479;2.9612126;1782.1525;8.605791;17.961924;0;0;0;0;0
4501;2024-05-07;3.2;1832.8;0.4;8.7;19.5;3.2;2102.0;0.4;8.7;19.5;128;0.8100248628547753;-0.5863955333706956;2024;0.0;0;269.20000000000005;1;0.0;0;0.0;0;0.0;0;1;125;608739;6765479;3.2028286;2094.0427;8.888122;19.34625;0;0;0;0;0
4501;2024-05-08;3.0;2261.0;0.0;7.6;17.1;3.0;2261.0;0.0;7.6;17.1;129;0.7998392447397195;-0.6002142805483681;2024;0.0;0;0.0;0;0.0;0;0.0;0;0.0;0;0;125;608739;6765479;3.007266;2270.4565;7.546816;16.7214;0;0;0;1;1
4501;2024-05-09;3.4;2464.0;0.2;6.5;20.6;3.4;2464.0;0.2;6.5;20.6;130;0.7894179103280199;-0.6138561418226116;2024;0.0;0;0.0;0;0.0;0;0.0;0;0.0;0;0;125;608739;6765479;3.4105122;2481.4043;6.6464863;20.55029;0;0;0;0;0
4501;2024-05-10;4.4;2676.0;0.0;8.4;23.3;4.4;2676.0;0.0;8.4;23.3;131;0.7787639308347607;-0.6273170968742938;2024;0.0;0;0.0;0;0.0;0;0.0;0;0.0;0;0;125;608739;6765479;4.3971453;2687.133;8.403311;23.200964;0;0;0;0;0
4501;2024-05-11;4.5;2720.0;0.0;9.6;25.8;4.5;2720.0;0.0;9.6;25.8;132;0.7678804460366001;-0.6405931786981751;2024;0.0;0;0.0;0;0.0;0;0.0;0;0.0;0;0;125;608739;6765479;4.4989514;2727.1672;9.688955;25.642914;0;0;0;0;0
4501;2024-05-12;3.7;1978.0;1.2;12.4;24.1;3.7;1978.0;1.2;12.4;24.1;133;0.7567706633464627;-0.6536804747720057;2024;0.0;0;0.0;0;0.0;0;0.0;0;0.0;0;0;125;608739;6765479;3.6952875;1982.8557;12.378081;23.962185;0;0;0;0;0
4501;2024-05-13;4.4;2084.0;6.7;13.6;23.1;4.4;2084.0;6.7;13.6;23.1;134;0.7454378568683001;-0.6665751282095632;2024;0.0;0;0.0;0;0.0;0;0.0;0;0.0;0;0;125;608739;6765479;4.394186;2088.7673;13.560637;22.93691;0;0;0;0;0
4501;2024-05-14;2.1;945.0;3.8;12.6;16.8;2.1;945.0;3.8;12.6;16.8;135;0.7338853664321991;-0.6792733388972931;2024;0.0;0;0.0;0;0.0;0;0.0;0;0.0;0;0;125;608739;6765479;2.0907307;954.91077;12.340559;16.840076;0;0;0;0;0
4501;2024-05-15;3.4;1954.0;0.6;9.7;19.3;3.4;1954.0;0.6;9.7;19.3;136;0.722116596610116;-0.6917713646142222;2024;0.0;0;0.0;0;0.0;0;0.0;0;0.0;0;0;125;608739;6765479;3.4039228;1952.7767;9.909085;19.263447;0;0;0;0;0
4501;2024-05-16;3.8;2228.0;0.4;9.0;19.6;3.8;2228.0;0.4;9.0;19.6;137;0.7101350157125357;-0.7040655221348058;2024;0.0;0;0.0;0;0.0;0;0.0;0;0.0;0;0;125;608739;6765479;3.7905955;2233.6943;8.888578;19.593275;0;0;0;0;0
4501;2024-05-17;2.9;2229.7;0.2;7.2;20.3;2.9;1788.0;0.2;7.2;20.3;138;0.6979441547663435;-0.7161521883143933;2024;0.0;0;-441.6999999999998;1;0.0;0;0.0;0;0.0;0;1;125;608739;6765479;2.9056442;1789.6772;7.353729;20.255915;0;0;0;0;0
4501;2024-05-18;2.7;1522.0;8.0;9.0;20.6;2.7;1522.0;8.0;9.0;20.6;139;0.6855476064742155;-0.7280278011569847;2024;0.0;0;0.0;0;0.0;0;0.0;0;0.0;0;0;125;608739;6765479;2.698142;1518.2129;9.139774;20.482418;0;0;0;0;0
4501;2024-05-19;2.9;1740.0;0.4;11.4;20.2;2.9;1740.0;0.4;11.4;20.2;140;0.672949024155833;-0.7396888608649667;2024;0.0;0;0.0;0;0.0;0;0.0;0;0.0;0;0;125;608739;6765479;2.9023266;1735.1906;11.566816;20.140818;0;0;0;0;0
4501;2024-05-20;1.9;1074.0;4.2;9.7;19.7;1.9;1074.0;4.2;9.7;19.7;141;0.660152120671232;-0.7511319308705197;2024;0.0;0;0.0;0;0.0;0;0.0;0;0.0;0;0;125;608739;6765479;1.7605357;1042.1001;9.096125;19.69811;1;1;1;0;1
4501;2024-05-21;2.1;1406.0;9.7;9.7;18.4;2.1;1406.0;9.7;9.7;18.4;142;0.647160667326606;-0.7623536388483902;2024;0.0;0;0.0;0;0.0;0;0.0;0;0.0;0;0;125;608739;6765479;1.9429847;1395.5516;9.504967;17.734507;1;0;0;1;1
4501;2024-05-22;3.8;1976.0;0.4;12.2;20.5;3.8;1976.0;0.4;12.2;20.5;143;0.6339784927628868;-0.7733506777097298;2024;0.0;0;0.0;0;0.0;0;0.0;0;0.0;0;0;125;608739;6765479;3.783624;1972.3997;12.014614;20.473186;0;0;0;0;0
4501;2024-05-23;2.9;1593.0;2.2;11.4;19.4;2.9;1593.0;2.2;11.4;19.4;144;0.620609481827423;-0.7841198065767103;2024;0.0;0;0.0;0;0.0;0;0.0;0;0.0;0;0;125;608739;6765479;2.906769;1593.6996;11.605052;19.30976;0;0;0;0;0
4501;2024-05-24;2.77;1402.0;8.3;8.5;19.0;1.9;1402.0;8.3;8.5;19.0;145;0.6070575744291006;-0.7946578517376249;2024;-0.8700000000000001;1;0.0;0;0.0;0;0.0;0;0.0;0;1;125;608739;6765479;1.7421888;1384.5217;8.386677;18.293537;1;0;0;1;1
4501;2024-05-25;2.8;1995.0;0.0;8.0;20.8;2.8;1995.0;0.0;8.0;20.8;146;0.593326764377232;-0.8049617075821959;2024;0.0;0;0.0;0;0.0;0;0.0;0;0.0;0;0;125;608739;6765479;2.8096366;1994.7559;8.240804;20.742851;0;0;0;0;0
4501;2024-05-26;4.8;1900.0;0.0;15.1;21.5;4.8;1900.0;0.0;15.1;21.5;147;0.5794210982045638;-0.8150283375168113;2024;0.0;0;0.0;0;0.0;0;0.0;0;0.0;0;0;125;608739;6765479;4.77018;1894.1367;14.521077;21.414011;0;0;1;0;1
4501;2024-05-27;3.4;1639.0;0.8;11.3;17.7;3.4;1639.0;0.8;11.3;17.7;148;0.5653446739747428;-0.8248547748594245;2024;0.0;0;0.0;0;0.0;0;0.0;0;0.0;0;0;125;608739;6765479;3.4100018;1641.9072;11.487433;17.641542;0;0;0;0;0
4501;2024-05-28;2.2;1008.0;4.2;9.9;18.4;2.2;1008.0;4.2;9.9;18.4;149;0.5511016400746;-0.8344381237138473;2024;0.0;0;0.0;0;0.0;0;0.0;0;0.0;0;0;125;608739;6765479;2.205653;1002.3895;9.794489;18.507998;0;0;0;0;0
4501;2024-05-29;1.0;653.0;6.0;12.7;16.9;1.0;653.0;6.0;12.7;16.9;150;0.5366961939916005;-0.8437755598231856;2024;0.0;0;0.0;0;0.0;0;0.0;0;0.0;0;0;125;608739;6765479;1.1477329;662.3862;12.661553;16.303158;1;0;0;1;1
4501;2024-05-30;2.7;1618.0;5.8;11.1;16.8;2.7;1618.0;5.8;11.1;16.8;151;0.522132581076825;-0.8528643314021596;2024;0.0;0;0.0;0;0.0;0;0.0;0;0.0;0;0;125;608739;6765479;2.7375317;1622.2549;11.695128;16.727516;0;0;1;0;1
4501;2024-05-31;2.2;1136.0;4.6;9.5;18.2;2.2;1136.0;4.6;9.5;18.2;152;0.5074150932938458;-0.861701759948068;2024;0.0;0;0.0;0;0.0;0;0.0;0;0.0;0;0;125;608739;6765479;2.2164474;1148.4113;9.746451;18.122637;0;0;0;0;0
4501;2024-06-01;1.8;809.0;1.6;12.2;15.5;1.8;809.0;1.6;12.2;15.5;153;0.4925480679538644;-0.8702852410301553;2024;0.0;0;0.0;0;0.0;0;0.0;0;0.0;0;0;125;608739;6765479;1.7081726;829.90094;11.939515;15.334926;1;1;0;0;1
4501;2024-06-02;2.0;795.0;0.2;11.5;16.8;2.0;795.0;0.2;11.5;16.8;154;0.4775358864374883;-0.8786122450571482;2024;0.0;0;0.0;0;0.0;0;0.0;0;0.0;0;0;125;608739;6765479;2.090683;813.18756;11.401202;16.735975;1;0;0;0;1
4501;2024-06-03;3.5;2474.0;0.0;7.0;22.0;3.5;2474.0;0.0;7.0;22.0;155;0.4623829729035151;-0.8866803180227399;2024;0.0;0;0.0;0;0.0;0;0.0;0;0.0;0;0;125;608739;6765479;3.504978;2471.432;7.1748567;21.933666;0;0;0;0;0
4501;2024-06-04;4.3;2065.0;0.0;12.4;24.0;4.3;2065.0;0.0;12.4;24.0;156;0.4470937929851142;-0.8944870822287954;2024;0.0;0;0.0;0;0.0;0;0.0;0;0.0;0;0;125;608739;6765479;4.25765;2072.4233;12.248463;24.08863;0;0;0;0;0
4501;2024-06-05;3.9;1852.0;0.2;12.5;21.7;3.9;1852.0;0.2;12.5;21.7;157;0.4316728524737838;-0.9020302369860708;2024;0.0;0;0.0;0;0.0;0;0.0;0;0.0;0;0;125;608739;6765479;3.8716614;1852.6699;12.158915;21.746244;0;0;1;0;1
4501;2024-06-06;4.0;2597.0;0.0;8.0;23.2;4.0;2597.0;0.0;8.0;23.2;158;0.4161246959914746;-0.9093075592922356;2024;0.0;0;0.0;0;0.0;0;0.0;0;0.0;0;0;125;608739;6765479;4.0006695;2594.921;8.113756;23.13142;0;0;0;0;0
4501;2024-06-07;4.1;2995.0;0.0;7.3;22.2;4.1;2995.0;0.0;7.3;22.2;159;0.4004539056512664;-0.9163169044870048;2024;0.0;0;0.0;0;0.0;0;0.0;0;0.0;0;0;125;608739;6765479;4.0913696;2982.9705;7.2237954;22.184246;0;0;0;0;0
4501;2024-06-08;3.9;2431.0;0.2;8.3;22.5;3.9;2431.0;0.2;8.3;22.5;160;0.3846650997070012;-0.923056206884176;2024;0.0;0;0.0;0;0.0;0;0.0;0;0.0;0;0;125;608739;6765479;3.9020767;2430.5908;8.402649;22.470186;0;0;0;0;0
4501;2024-06-09;4.2;2455.0;0.0;8.5;21.6;4.2;2455.0;0.0;8.5;21.6;161;0.3687629311922603;-0.9295234803804002;2024;0.0;0;0.0;0;0.0;0;0.0;0;0.0;0;0;125;608739;6765479;4.1941853;2452.2036;8.447577;21.615686;0;0;0;0;0
4501;2024-06-10;2.8;1663.0;1.4;6.9;19.0;2.8;1663.0;1.4;6.9;19.0;162;0.352752086549095;-0.9357168190404936;2024;0.0;0;0.0;0;0.0;0;0.0;0;0.0;0;0;125;608739;6765479;2.8158846;1670.7343;7.1199512;19.04959;0;0;0;0;0
4501;2024-06-11;3.0;2168.0;0.0;4.8;19.0;3.0;2168.0;0.0;4.8;19.0;163;0.3366372842469106;-0.9416343976591258;2024;0.0;0;0.0;0;0.0;0;0.0;0;0.0;0;0;125;608739;6765479;3.0151227;2166.9597;4.985685;19.065132;0;0;0;0;0
4501;2024-06-12;3.3;2209.0;0.0;5.1;19.4;3.3;2209.0;0.0;5.1;19.4;164;0.3204232733919116;-0.9472744722987168;2024;0.0;0;0.0;0;0.0;0;0.0;0;0.0;0;0;125;608739;6765479;3.3122852;2208.105;5.237503;19.468615;0;0;0;0;0
4501;2024-06-13;3.8;2316.0;2.6;6.3;21.3;3.8;2316.0;2.6;6.3;21.3;165;0.3041148323275184;-0.9526353808033824;2024;0.0;0;0.0;0;0.0;0;0.0;0;0.0;0;0;125;608739;6765479;3.8096578;2316.8127;6.427245;21.334982;0;0;0;0;0
4501;2024-06-14;4.6;2001.0;0.0;12.0;22.6;4.6;2001.0;0.0;12.0;22.6;166;0.2877167672261668;-0.9577155432887804;2024;0.0;0;0.0;0;0.0;0;0.0;0;0.0;0;0;125;608739;6765479;4.5154624;2045.3357;12.037749;22.729795;1;1;0;0;1
4501;2024-06-15;4.2;1761.0;1.8;10.4;19.3;4.2;1761.0;1.8;10.4;19.3;167;0.27123391067291;-0.962513462607708;2024;0.0;0;0.0;0;0.0;0;0.0;0;0.0;0;0;125;608739;6765479;4.1045704;1786.3583;10.572337;19.483498;1;1;0;0;1
4501;2024-06-16;1.9;1099.0;4.8;12.7;19.0;1.9;1099.0;4.8;12.7;19.0;168;0.2546711202412288;-0.9670277247913204;2024;0.0;0;0.0;0;0.0;0;0.0;0;0.0;0;0;125;608739;6765479;1.939184;1090.9952;12.431349;19.129082;0;0;0;0;0
4501;2024-06-17;4.0;2075.0;13.6;15.0;24.1;4.0;2075.0;13.6;15.0;24.1;169;0.2380332770614858;-0.9712569994658312;2024;0.0;0;0.0;0;0.0;0;0.0;0;0.0;0;0;125;608739;6765479;4.058202;2015.2089;15.897198;23.954397;0;1;1;0;1
4501;2024-06-18;3.5;1740.0;9.7;15.1;25.0;3.5;1740.0;9.7;15.1;25.0;170;0.2213252843824324;-0.9752000402445824;2024;0.0;0;0.0;0;0.0;0;0.0;0;0.0;0;0;125;608739;6765479;3.549904;1694.1753;15.686767;24.961243;0;1;1;0;1
4501;2024-06-19;2.9;1368.0;0.4;16.1;21.4;2.9;1368.0;0.4;16.1;21.4;171;0.2045520661262008;-0.9788556850953578;2024;0.0;0;0.0;0;0.0;0;0.0;0;0.0;0;0;125;608739;6765479;2.9756908;1401.8086;15.595623;21.37343;1;1;1;0;1
4501;2024-06-20;2.2;957.0;19.9;16.1;22.3;2.2;957.0;19.9;16.1;22.3;172;0.1877185654371988;-0.9822228566828406;2024;0.0;0;0.0;0;0.0;0;0.0;0;0.0;0;0;125;608739;6765479;2.3219476;988.63696;15.372024;22.256277;1;1;1;0;1
4501;2024-06-21;3.1;1415.0;26.0;15.4;23.5;3.1;1415.0;26.0;15.4;23.5;173;0.1708297432253444;-0.985300562686109;2024;0.0;0;0.0;0;0.0;0;0.0;0;0.0;0;0;125;608739;6765479;3.1056547;1378.6705;15.801563;23.84064;0;1;1;1;1
4501;2024-06-22;3.6;2167.2;6.9;12.5;21.2;3.6;1788.0;6.9;12.5;21.2;174;0.1538905767040621;-0.9880878960910772;2024;0.0;0;-379.1999999999998;1;0.0;0;0.0;0;0.0;0;1;125;608739;6765479;3.6380627;1775.0006;12.840477;21.019041;0;0;1;0;1
4501;2024-06-23;4.2;2611.0;0.2;10.2;23.4;4.2;2611.0;0.2;10.2;23.4;175;0.1369060579234757;-0.9905840354577968;2024;0.0;0;0.0;0;0.0;0;0.0;0;0.0;0;0;125;608739;6765479;4.3060827;2591.5352;10.228374;23.037203;1;0;0;1;1
4501;2024-06-24;4.8;2800.0;0.0;11.9;26.9;4.8;2800.0;0.0;11.9;26.9;176;0.1198811922992278;-0.99278824516254;2024;0.0;0;0.0;0;0.0;0;0.0;0;0.0;0;0;125;608739;6765479;4.8149767;2804.7;11.851757;26.875216;0;0;0;0;0
4501;2024-06-25;5.4;2724.0;0.0;14.9;29.1;5.4;2724.0;0.0;14.9;29.1;177;0.1028209971373602;-0.9946998756145892;2024;0.0;0;0.0;0;0.0;0;0.0;0;0.0;0;0;125;608739;6765479;5.4107795;2727.6729;14.859227;29.070004;0;0;0;0;0
4501;2024-06-26;5.2;2525.0;0.0;15.9;30.4;5.2;2525.0;0.0;15.9;30.4;178;0.0857305001556943;-0.9963183634476755;2024;0.0;0;0.0;0;0.0;0;0.0;0;0.0;0;0;125;608739;6765479;5.2094603;2529.0093;15.856602;30.352312;0;0;0;0;0
4501;2024-06-27;6.0;2418.0;0.0;17.2;30.3;6.0;2418.0;0.0;17.2;30.3;179;0.0686147380021341;-0.9976432316860064;2024;0.0;0;0.0;0;0.0;0;0.0;0;0.0;0;0;125;608739;6765479;6.0035315;2421.4675;17.180998;30.265747;0;0;0;0;0
4501;2024-06-28;5.5;2794.0;0.0;12.9;24.5;5.5;2794.0;0.0;12.9;24.5;180;0.0514787547703467;-0.9986740898848304;2024;0.0;0;0.0;0;0.0;0;0.0;0;0.0;0;0;125;608739;6765479;5.5106673;2797.4868;12.900956;24.506615;0;0;0;0;0
4501;2024-06-29;4.5;1579.0;0.4;14.0;24.6;4.5;1579.0;0.4;14.0;24.6;181;0.0343276005132438;-0.9994106342455052;2024;0.0;0;0.0;0;0.0;0;0.0;0;0.0;0;0;125;608739;6765479;4.4959154;1585.5476;14.010949;24.564169;0;0;0;0;0
4501;2024-06-30;5.2;2270.0;0.0;14.0;24.8;5.2;2270.0;0.0;14.0;24.8;182;0.0171663297547073;-0.9998526477050268;2024;0.0;0;0.0;0;0.0;0;0.0;0;0.0;0;0;125;608739;6765479;5.203949;2274.412;14.01283;24.788717;0;0;0;0;0
4501;2024-07-01;4.6;1821.0;0.0;15.2;21.8;4.6;1821.0;0.0;15.2;21.8;183;1.2246467991473532e-16;-1.0;2024;0.0;0;0.0;0;0.0;0;0.0;0;0.0;0;0;125;608739;6765479;4.595125;1825.363;15.236364;21.7988;0;0;0;0;0
4501;2024-07-02;3.4;1315.0;1.0;13.9;21.0;3.4;1315.0;1.0;13.9;21.0;184;-0.0171663297547071;-0.9998526477050268;2024;0.0;0;0.0;0;0.0;0;0.0;0;0.0;0;0;125;608739;6765479;3.3935077;1321.4559;13.930133;20.971657;0;0;0;0;0
4501;2024-07-03;3.8;1816.0;0.6;10.6;22.1;3.8;1816.0;0.6;10.6;22.1;185;-0.0343276005132431;-0.9994106342455054;2024;0.0;0;0.0;0;0.0;0;0.0;0;0.0;0;0;125;608739;6765479;3.8050714;1822.9597;10.617674;22.070198;0;0;0;0;0
4501;2024-07-04;5.5;2439.0;0.0;14.3;22.9;5.5;2439.0;0.0;14.3;22.9;186;-0.051478754770346;-0.9986740898848304;2024;0.0;0;0.0;0;0.0;0;0.0;0;0.0;0;0;125;608739;6765479;5.5037436;2441.904;14.340924;22.91366;0;0;0;0;0
4501;2024-07-05;4.5;2093.0;0.0;11.5;25.3;4.5;2093.0;0.0;11.5;25.3;187;-0.0686147380021343;-0.9976432316860064;2024;0.0;0;0.0;0;0.0;0;0.0;0;0.0;0;0;125;608739;6765479;4.5090613;2099.0486;11.510085;25.260605;0;0;0;0;0
4501;2024-07-06;5.0;1850.0;0.0;13.8;21.2;5.0;1850.0;0.0;13.8;21.2;188;-0.0857305001556945;-0.9963183634476755;2024;0.0;0;0.0;0;0.0;0;0.0;0;0.0;0;0;125;608739;6765479;4.99594;1854.3304;13.858594;21.205841;0;0;0;0;0
4501;2024-07-07;4.0;2113.0;0.0;8.6;21.2;4.0;2113.0;0.0;8.6;21.2;189;-0.1028209971373604;-0.9946998756145892;2024;0.0;0;0.0;0;0.0;0;0.0;0;0.0;0;0;125;608739;6765479;4.0105166;2119.4553;8.627821;21.182293;0;0;0;0;0
4501;2024-07-08;4.2;1925.0;0.0;10.2;25.7;4.2;1925.0;0.0;10.2;25.7;190;-0.1198811922992271;-0.99278824516254;2024;0.0;0;0.0;0;0.0;0;0.0;0;0.0;0;0;125;608739;6765479;4.20984;1931.9475;10.208756;25.644825;0;0;0;0;0
4501;2024-07-09;3.9;1889.0;1.0;15.2;25.8;3.9;1889.0;1.0;15.2;25.8;191;-0.136906057923475;-0.990584035457797;2024;0.0;0;0.0;0;0.0;0;0.0;0;0.0;0;0;125;608739;6765479;3.9039032;1893.0795;15.21299;25.752321;0;0;0;0;0
4501;2024-07-10;5.3;1853.0;0.6;17.5;25.9;5.3;1853.0;0.6;17.5;25.9;192;-0.1538905767040614;-0.9880878960910772;2024;0.0;0;0.0;0;0.0;0;0.0;0;0.0;0;0;125;608739;6765479;5.2947464;1855.5659;17.544598;25.87872;0;0;0;0;0
4501;2024-07-11;3.3;1502.0;21.4;14.4;24.2;3.3;1502.0;21.4;14.4;24.2;193;-0.1708297432253441;-0.985300562686109;2024;0.0;0;0.0;0;0.0;0;0.0;0;0.0;0;0;125;608739;6765479;3.2993267;1506.9752;14.42126;24.14685;0;0;0;0;0
4501;2024-07-12;3.0;1225.0;0.0;12.4;21.2;3.0;1225.0;0.0;12.4;21.2;194;-0.1877185654371986;-0.9822228566828408;2024;0.0;0;0.0;0;0.0;0;0.0;0;0.0;0;0;125;608739;6765479;2.9953377;1231.0574;12.439147;21.157757;0;0;0;0;0
4501;2024-07-13;2.9;1827.2;0.2;10.4;21.6;2.9;1452.0;0.2;10.4;21.6;195;-0.2045520661262005;-0.978855685095358;2024;0.0;0;-375.2000000000001;1;0.0;0;0.0;0;0.0;0;1;125;608739;6765479;2.9017234;1458.3889;10.427261;21.552937;0;0;0;0;0
4501;2024-07-14;3.1;1777.0;0.0;10.3;24.0;3.1;1777.0;0.0;10.3;24.0;196;-0.2213252843824321;-0.9752000402445826;2024;0.0;0;0.0;0;0.0;0;0.0;0;0.0;0;0;125;608739;6765479;3.1080635;1782.7643;10.308294;23.942257;0;0;0;0;0
4501;2024-07-15;4.3;1864.0;0.2;12.3;27.0;4.3;1864.0;0.2;12.3;27.0;197;-0.2380332770614851;-0.9712569994658315;2024;0.0;0;0.0;0;0.0;0;0.0;0;0.0;0;0;125;608739;6765479;4.304839;1868.6754;12.3120575;26.941872;0;0;0;0;0
4501;2024-07-16;4.6;1818.0;0.2;15.0;22.7;4.6;1818.0;0.2;15.0;22.7;198;-0.254671120241229;-0.9670277247913204;2024;0.0;0;0.0;0;0.0;0;0.0;0;0.0;0;0;125;608739;6765479;4.5940146;1819.9861;15.052584;22.692413;0;0;0;0;0
4501;2024-07-17;4.3;2294.0;0.0;12.2;26.2;4.3;2294.0;0.0;12.2;26.2;199;-0.2712339106729102;-0.962513462607708;2024;0.0;0;0.0;0;0.0;0;0.0;0;0.0;0;0;125;608739;6765479;4.3091187;2296.712;12.208408;26.160513;0;0;0;0;0
4501;2024-07-18;5.8;2698.0;0.0;12.9;30.6;5.8;2698.0;0.0;12.9;30.6;200;-0.287716767226167;-0.9577155432887804;2024;0.0;0;0.0;0;0.0;0;0.0;0;0.0;0;0;125;608739;6765479;5.812455;2699.675;12.899082;30.5562;0;0;0;0;0
4501;2024-07-19;6.4;2527.0;0.0;15.5;33.7;6.4;2527.0;0.0;15.5;33.7;201;-0.3041148323275178;-0.9526353808033826;2024;0.0;0;0.0;0;0.0;0;0.0;0;0.0;0;0;125;608739;6765479;6.40688;2528.0417;15.495939;33.64162;0;0;0;0;0
4501;2024-07-20;6.0;2485.0;6.3;16.6;30.7;6.0;2485.0;6.3;16.6;30.7;202;-0.3204232733919109;-0.947274472298717;2024;0.0;0;0.0;0;0.0;0;0.0;0;0.0;0;0;125;608739;6765479;6.0021744;2484.5679;16.610588;30.665672;0;0;0;0;0
4501;2024-07-21;5.2;1829.0;0.0;18.6;27.4;5.2;1829.0;0.0;18.6;27.4;203;-0.3366372842469099;-0.941634397659126;2024;0.0;0;0.0;0;0.0;0;0.0;0;0.0;0;0;125;608739;6765479;5.1922016;1829.3364;18.637506;27.377556;0;0;0;0;0
4501;2024-07-22;4.3;1788.0;0.0;13.8;24.4;4.3;1788.0;0.0;13.8;24.4;204;-0.3527520865490947;-0.9357168190404936;2024;0.0;0;0.0;0;0.0;0;0.0;0;0.0;0;0;125;608739;6765479;4.2933316;1789.27;13.827946;24.374792;0;0;0;0;0
4501;2024-07-23;5.7;1749.0;0.6;18.3;26.8;5.7;1749.0;0.6;18.3;26.8;205;-0.36876293119226;-0.9295234803804004;2024;0.0;0;0.0;0;0.0;0;0.0;0;0.0;0;0;125;608739;6765479;5.6926775;1750.3793;18.35574;26.79551;0;0;0;0;0
4501;2024-07-24;4.1;2186.0;0.0;11.9;26.1;4.1;2186.0;0.0;11.9;26.1;206;-0.3846650997070009;-0.923056206884176;2024;0.0;0;0.0;0;0.0;0;0.0;0;0.0;0;0;125;608739;6765479;4.1022367;2186.8428;11.897628;26.06327;0;0;0;0;0
4501;2024-07-25;5.3;2473.0;0.0;14.1;28.9;5.3;2473.0;0.0;14.1;28.9;207;-0.4004539056512661;-0.9163169044870048;2024;0.0;0;0.0;0;0.0;0;0.0;0;0.0;0;0;125;608739;6765479;5.3008404;2471.8748;14.09679;28.870756;0;0;0;0;0
4501;2024-07-26;2.7;1013.0;4.8;19.0;23.7;2.7;1013.0;4.8;19.0;23.7;208;-0.4161246959914748;-0.9093075592922356;2024;0.0;0;0.0;0;0.0;0;0.0;0;0.0;0;0;125;608739;6765479;2.8540943;1046.8597;18.89508;24.031107;1;1;0;1;1
4501;2024-07-27;1.2;517.0;5.2;18.3;19.7;1.2;517.0;5.2;18.3;19.7;209;-0.431672852473784;-0.9020302369860708;2024;0.0;0;0.0;0;0.0;0;0.0;0;0.0;0;0;125;608739;6765479;1.1083144;612.9102;18.179333;20.242409;1;1;0;1;1
4501;2024-07-28;4.9;2800.0;0.0;12.0;25.4;4.9;2800.0;0.0;12.0;25.4;210;-0.447093792985114;-0.8944870822287955;2024;0.0;0;0.0;0;0.0;0;0.0;0;0.0;0;0;125;608739;6765479;4.9022064;2797.1055;11.99515;25.403124;0;0;0;0;0
4501;2024-07-29;5.4;2450.0;0.0;14.7;31.4;5.4;2450.0;0.0;14.7;31.4;211;-0.4623829729035149;-0.88668031802274;2024;0.0;0;0.0;0;0.0;0;0.0;0;0.0;0;0;125;608739;6765479;5.40001;2448.3032;14.675115;31.36027;0;0;0;0;0
4501;2024-07-30;6.8;2370.0;3.0;18.7;36.6;6.8;2370.0;3.0;18.7;36.6;212;-0.4775358864374881;-0.8786122450571483;2024;0.0;0;0.0;0;0.0;0;0.0;0;0.0;0;0;125;608739;6765479;6.8133082;2372.2832;18.695105;36.563313;0;0;0;0;0
4501;2024-07-31;5.5;1754.0;0.0;21.6;32.4;5.5;1754.0;0.0;21.6;32.4;213;-0.4925480679538642;-0.8702852410301554;2024;0.0;0;0.0;0;0.0;0;0.0;0;0.0;0;0;125;608739;6765479;5.522714;1761.2426;21.640255;32.39619;0;0;0;0;0
4501;2024-08-01;5.6;2335.0;0.0;19.9;30.7;5.6;2335.0;0.0;19.9;30.7;214;-0.5074150932938452;-0.8617017599480683;2024;0.0;0;0.0;0;0.0;0;0.0;0;0.0;0;0;125;608739;6765479;5.617684;2337.5203;19.921654;30.71414;0;0;0;0;0
4501;2024-08-02;4.9;1865.0;0.2;18.2;27.9;4.9;1865.0;0.2;18.2;27.9;215;-0.5221325810768248;-0.8528643314021597;2024;0.0;0;0.0;0;0.0;0;0.0;0;0.0;0;0;125;608739;6765479;4.9127026;1869.278;18.23198;27.916546;0;0;0;0;0
4501;2024-08-03;4.2;1703.0;0.0;14.1;26.1;4.2;1703.0;0.0;14.1;26.1;216;-0.5366961939916004;-0.8437755598231858;2024;0.0;0;0.0;0;0.0;0;0.0;0;0.0;0;0;125;608739;6765479;4.2021794;1705.9956;14.108321;26.098734;0;0;0;0;0
4501;2024-08-04;5.6;2082.0;0.0;17.8;26.9;5.6;2082.0;0.0;17.8;26.9;217;-0.5511016400745999;-0.8344381237138474;2024;0.0;0;0.0;0;0.0;0;0.0;0;0.0;0;0;125;608739;6765479;5.610078;2084.8223;17.839354;26.945717;0;0;0;0;0
4501;2024-08-05;5.1;2614.0;0.0;12.5;29.0;5.1;2614.0;0.0;12.5;29.0;218;-0.5653446739747425;-0.8248547748594246;2024;0.0;0;0.0;0;0.0;0;0.0;0;0.0;0;0;125;608739;6765479;5.10055;2611.3127;12.459811;28.99701;0;0;0;0;0
4501;2024-08-06;5.1;2492.0;0.0;14.2;28.8;5.1;2492.0;0.0;14.2;28.8;219;-0.5794210982045637;-0.8150283375168114;2024;0.0;0;0.0;0;0.0;0;0.0;0;0.0;0;0;125;608739;6765479;5.105971;2491.13;14.174922;28.812685;0;0;0;0;0
4501;2024-08-07;5.0;2039.0;0.2;15.2;24.7;5.0;2039.0;0.2;15.2;24.7;220;-0.5933267643772321;-0.8049617075821958;2024;0.0;0;0.0;0;0.0;0;0.0;0;0.0;0;0;125;608739;6765479;5.004724;2040.779;15.221696;24.753525;0;0;0;0;0
4501;2024-08-08;4.9;2358.0;0.0;12.8;27.7;4.9;2358.0;0.0;12.8;27.7;221;-0.6070575744291004;-0.794657851737625;2024;0.0;0;0.0;0;0.0;0;0.0;0;0.0;0;0;125;608739;6765479;4.902542;2357.2832;12.769508;27.71854;0;0;0;0;0
4501;2024-08-09;4.2;1662.0;0.0;15.8;26.9;4.2;1662.0;0.0;15.8;26.9;222;-0.6206094818274228;-0.7841198065767104;2024;0.0;0;0.0;0;0.0;0;0.0;0;0.0;0;0;125;608739;6765479;4.212667;1667.3237;15.803548;26.929958;0;0;0;0;0
4501;2024-08-10;5.3;2480.0;0.0;16.7;31.1;5.3;2480.0;0.0;16.7;31.1;223;-0.6339784927628865;-0.77335067770973;2024;0.0;0;0.0;0;0.0;0;0.0;0;0.0;0;0;125;608739;6765479;5.317474;2481.5413;16.669838;31.129755;0;0;0;0;0
4501;2024-08-11;6.3;2323.0;0.0;17.0;31.7;6.3;2323.0;0.0;17.0;31.7;224;-0.6471606673266059;-0.7623536388483905;2024;0.0;0;0.0;0;0.0;0;0.0;0;0.0;0;0;125;608739;6765479;6.31512;2325.7886;16.988802;31.744507;0;0;0;0;0
4501;2024-08-12;7.5;2303.0;0.0;19.7;35.8;7.5;2303.0;0.0;19.7;35.8;225;-0.6601521206712315;-0.7511319308705201;2024;0.0;0;0.0;0;0.0;0;0.0;0;0.0;0;0;125;608739;6765479;7.5230937;2308.211;19.69841;35.847576;0;0;0;0;0
4501;2024-08-13;2.2;501.0;0.0;20.5;24.2;2.2;501.0;0.0;20.5;24.2;226;-0.6729490241558326;-0.7396888608649671;2024;0.0;0;0.0;0;0.0;0;0.0;0;0.0;0;0;125;608739;6765479;2.123709;554.36774;20.311;24.93468;1;1;0;1;1
4501;2024-08-14;4.3;1776.0;2.0;16.3;27.0;4.3;1776.0;2.0;16.3;27.0;227;-0.6855476064742154;-0.7280278011569848;2024;0.0;0;0.0;0;0.0;0;0.0;0;0.0;0;0;125;608739;6765479;4.315504;1781.2;16.293194;27.05588;0;0;0;0;0
4501;2024-08-15;5.5;2485.0;0.0;14.8;27.1;5.5;2485.0;0.0;14.8;27.1;228;-0.6979441547663433;-0.7161521883143935;2024;0.0;0;0.0;0;0.0;0;0.0;0;0.0;0;0;125;608739;6765479;5.507556;2484.7312;14.76977;27.181934;0;0;0;0;0
4501;2024-08-16;3.4;1303.0;1.0;13.9;26.4;3.4;1303.0;1.0;13.9;26.4;229;-0.7101350157125356;-0.7040655221348059;2024;0.0;0;0.0;0;0.0;0;0.0;0;0.0;0;0;125;608739;6765479;3.4115689;1310.6558;13.981543;26.367752;0;0;0;0;0
4501;2024-08-17;1.3;465.0;12.7;17.7;20.4;1.3;465.0;12.7;17.7;20.4;230;-0.7221165966101161;-0.691771364614222;2024;0.0;0;0.0;0;0.0;0;0.0;0;0.0;0;0;125;608739;6765479;1.3068826;484.06964;17.777931;20.49968;0;0;0;0;0
4501;2024-08-18;3.0;1437.0;0.0;12.9;21.0;3.0;1437.0;0.0;12.9;21.0;231;-0.7338853664321993;-0.6792733388972929;2024;0.0;0;0.0;0;0.0;0;0.0;0;0.0;0;0;125;608739;6765479;3.0039299;1441.93;12.982313;21.02104;0;0;0;0;0
4501;2024-08-19;3.1;2062.0;0.2;9.7;23.7;3.1;2062.0;0.2;9.7;23.7;232;-0.7454378568683002;-0.6665751282095631;2024;0.0;0;0.0;0;0.0;0;0.0;0;0.0;0;0;125;608739;6765479;3.0978959;2061.8367;9.727758;23.684353;0;0;0;0;0
4501;2024-08-20;3.7;1623.0;2.6;12.4;25.7;3.7;1623.0;2.6;12.4;25.7;233;-0.7567706633464625;-0.653680474772006;2024;0.0;0;0.0;0;0.0;0;0.0;0;0.0;0;0;125;608739;6765479;3.704672;1627.488;12.471452;25.68068;0;0;0;0;0
4501;2024-08-21;3.3;2322.0;0.2;8.3;21.9;3.3;2322.0;0.2;8.3;21.9;234;-0.7678804460366;-0.6405931786981752;2024;0.0;0;0.0;0;0.0;0;0.0;0;0.0;0;0;125;608739;6765479;3.2904623;2318.8086;8.318289;21.906092;0;0;0;0;0
4501;2024-08-22;4.5;2189.0;0.0;10.0;26.4;4.5;2189.0;0.0;10.0;26.4;235;-0.7787639308347605;-0.627317096874294;2024;0.0;0;0.0;0;0.0;0;0.0;0;0.0;0;0;125;608739;6765479;4.494975;2188.4175;10.035698;26.38816;0;0;0;0;0
4501;2024-08-23;3.9;1493.0;0.0;14.5;26.8;3.9;1493.0;0.0;14.5;26.8;236;-0.7894179103280194;-0.6138561418226122;2024;0.0;0;0.0;0;0.0;0;0.0;0;0.0;0;0;125;608739;6765479;3.909236;1499.2759;14.573265;26.798054;0;0;0;0;0
4501;2024-08-24;6.1;1902.0;1.2;17.1;30.3;6.1;1902.0;1.2;17.1;30.3;237;-0.7998392447397191;-0.6002142805483686;2024;0.0;0;0.0;0;0.0;0;0.0;0;0.0;0;0;125;608739;6765479;6.1112347;1906.9523;17.122192;30.367922;0;0;0;0;0
4501;2024-08-25;3.9;2329.0;0.0;9.3;22.2;3.9;2329.0;0.0;9.3;22.2;238;-0.8100248628547748;-0.5863955333706962;2024;0.0;0;0.0;0;0.0;0;0.0;0;0.0;0;0;125;608739;6765479;3.8911018;2327.165;9.326986;22.210964;0;0;0;0;0
4501;2024-08-26;3.6;2188.0;0.0;8.7;24.2;3.6;2188.0;0.0;8.7;24.2;239;-0.8199717629247767;-0.5724039727378154;2024;0.0;0;0.0;0;0.0;0;0.0;0;0.0;0;0;125;608739;6765479;3.5893054;2185.8796;8.741061;24.180765;0;0;0;0;0
4501;2024-08-27;4.6;2271.0;0.0;10.2;27.8;4.6;2271.0;0.0;10.2;27.8;240;-0.8296770135526184;-0.5582437220268655;2024;0.0;0;0.0;0;0.0;0;0.0;0;0.0;0;0;125;608739;6765479;4.592689;2269.5425;10.22508;27.785675;0;0;0;0;0
4501;2024-08-28;5.2;2171.0;0.0;11.9;31.8;5.2;2171.0;0.0;11.9;31.8;241;-0.8391377545563938;-0.5439189543287248;2024;0.0;0;0.0;0;0.0;0;0.0;0;0.0;0;0;125;608739;6765479;5.198492;2171.7231;11.924304;31.768486;0;0;0;0;0
4501;2024-08-29;3.5;1346.0;0.6;14.3;26.1;3.5;1346.0;0.6;14.3;26.1;242;-0.8483511978123038;-0.5294338912181854;2024;0.0;0;0.0;0;0.0;0;0.0;0;0.0;0;0;125;608739;6765479;3.5151758;1349.2936;14.373609;26.134666;0;0;0;0;0
4501;2024-08-30;1.6;643.0;15.9;14.1;20.1;1.6;643.0;15.9;14.1;20.1;243;-0.8573146280763322;-0.514792801509831;2024;0.0;0;0.0;0;0.0;0;0.0;0;0.0;0;0;125;608739;6765479;1.5931011;641.6773;14.086956;20.177574;0;0;0;0;0
4501;2024-08-31;2.4;1288.0;0.2;15.2;25.2;2.4;1288.0;0.2;15.2;25.2;244;-0.8660254037844384;-0.5000000000000004;2024;0.0;0;0.0;0;0.0;0;0.0;0;0.0;0;0;125;608739;6765479;2.410457;1294.8367;15.203298;25.20548;0;0;0;0;0
4501;2024-09-01;3.7;1454.0;0.0;17.8;26.4;3.7;1454.0;0.0;17.8;26.4;245;-0.8744809578310394;-0.4850598461951967;2024;0.0;0;0.0;0;0.0;0;0.0;0;0.0;0;0;125;608739;6765479;3.7326381;1450.3157;17.722795;26.580994;0;0;0;0;0
4501;2024-09-02;3.5;1453.0;0.8;15.5;25.4;3.5;1453.0;0.8;15.5;25.4;246;-0.8826787983255475;-0.4699767430273199;2024;0.0;0;0.0;0;0.0;0;0.0;0;0.0;0;0;125;608739;6765479;3.5145986;1451.298;15.517657;25.51198;0;0;0;0;0
4501;2024-09-03;1.5;622.0;2.2;16.2;20.0;1.5;622.0;2.2;16.2;20.0;247;-0.8906165093267404;-0.4547551355561057;2024;0.0;0;0.0;0;0.0;0;0.0;0;0.0;0;0;125;608739;6765479;1.4880246;601.6408;16.309166;20.342821;0;1;0;1;1
4501;2024-09-04;2.6;1400.0;6.8;12.4;21.4;2.6;1400.0;6.8;12.4;21.4;248;-0.8982917515547529;-0.4393995096591416;2024;0.0;0;0.0;0;0.0;0;0.0;0;0.0;0;0;125;608739;6765479;2.597482;1400.0225;12.379631;21.38697;0;0;0;0;0
4501;2024-09-05;2.6;1035.0;1.2;14.1;21.1;2.6;1035.0;1.2;14.1;21.1;249;-0.9057022630804714;-0.4239143907098608;2024;0.0;0;0.0;0;0.0;0;0.0;0;0.0;0;0;125;608739;6765479;2.64238;1035.0565;14.20411;21.26133;0;0;0;0;0
4501;2024-09-06;2.5;1418.0;6.3;10.4;23.0;2.5;1418.0;6.3;10.4;23.0;250;-0.9128458599921354;-0.4083043422438936;2024;0.0;0;0.0;0;0.0;0;0.0;0;0.0;0;0;125;608739;6765479;2.5180974;1420.9594;10.468996;23.067465;0;0;0;0;0
4501;2024-09-07;1.9;714.0;11.4;15.4;20.5;1.9;714.0;11.4;15.4;20.5;251;-0.9197204370389468;-0.3925739646141714;2024;0.0;0;0.0;0;0.0;0;0.0;0;0.0;0;0;125;608739;6765479;1.9138258;699.58307;15.503698;20.748598;0;0;0;0;0
4501;2024-09-08;2.7;1533.0;5.4;11.9;21.5;2.7;1533.0;5.4;11.9;21.5;252;-0.9263239682514952;-0.3767278936351848;2024;0.0;0;0.0;0;0.0;0;0.0;0;0.0;0;0;125;608739;6765479;2.6925974;1533.5463;11.844872;21.416964;0;0;0;0;0
4501;2024-09-09;1.6;364.0;0.8;15.5;17.8;1.6;364.0;0.8;15.5;17.8;253;-0.9326545075388224;-0.3607707992167831;2024;0.0;0;0.0;0;0.0;0;0.0;0;0.0;0;0;125;608739;6765479;1.6066495;353.6684;15.730131;18.267105;0;0;0;1;1
4501;2024-09-10;2.3;1353.0;1.4;9.2;18.4;2.3;1353.0;1.4;9.2;18.4;254;-0.9387101892619444;-0.3447073839879337;2024;0.0;0;0.0;0;0.0;0;0.0;0;0.0;0;0;125;608739;6765479;2.3009548;1354.7314;9.163753;18.46984;0;0;0;0;0
4501;2024-09-11;3.0;1355.0;0.2;10.7;17.7;3.0;1355.0;0.2;10.7;17.7;255;-0.9444892287836611;-0.3285423819108347;2024;0.0;0;0.0;0;0.0;0;0.0;0;0.0;0;0;125;608739;6765479;3.0176327;1351.5421;10.727763;17.606926;0;0;0;0;0
4501;2024-09-12;2.1;1439.0;1.8;5.3;16.2;2.1;1439.0;1.8;5.3;16.2;256;-0.9499899229945008;-0.3122805568857948;2024;0.0;0;0.0;0;0.0;0;0.0;0;0.0;0;0;125;608739;6765479;2.0960627;1446.8107;4.916503;15.989435;0;0;1;0;1
4501;2024-09-13;2.0;1294.0;0.2;4.7;17.4;2.0;1294.0;0.2;4.7;17.4;257;-0.9552106508146316;-0.2959267013472896;2024;0.0;0;0.0;0;0.0;0;0.0;0;0.0;0;0;125;608739;6765479;1.9933535;1297.0725;4.299547;17.160627;0;0;1;0;1
4501;2024-09-14;2.4;1784.0;0.0;4.4;17.6;2.4;1784.0;0.0;4.4;17.6;258;-0.9601498736716017;-0.2794856348516098;2024;0.0;0;0.0;0;0.0;0;0.0;0;0.0;0;0;125;608739;6765479;2.4302216;1796.5413;4.275417;17.569904;0;0;0;0;0
4501;2024-09-15;2.4;1908.0;0.0;4.3;19.0;2.4;1908.0;0.0;4.3;19.0;259;-0.9648061359537644;-0.2629622026565152;2024;0.0;0;0.0;0;0.0;0;0.0;0;0.0;0;0;125;608739;6765479;2.4381175;1921.7878;4.329372;19.082724;0;0;0;0;0
4501;2024-09-16;2.5;1326.0;0.0;9.2;20.3;2.5;1326.0;0.0;9.2;20.3;260;-0.9691780654392534;-0.2463612742933153;2024;0.0;0;0.0;0;0.0;0;0.0;0;0.0;0;0;125;608739;6765479;2.517109;1327.1174;9.231041;20.376818;0;0;0;0;0
4501;2024-09-17;2.8;1202.0;0.0;12.1;20.0;2.8;1202.0;0.0;12.1;20.0;261;-0.9732643737003824;-0.2296877421317963;2024;0.0;0;0.0;0;0.0;0;0.0;0;0.0;0;0;125;608739;6765479;2.839901;1202.5935;12.170101;20.062256;0;0;0;0;0
4501;2024-09-18;3.8;1508.0;0.0;12.7;23.6;3.8;1508.0;0.0;12.7;23.6;262;-0.9770638564833508;-0.2129465199384157;2024;0.0;0;0.0;0;0.0;0;0.0;0;0.0;0;0;125;608739;6765479;3.7797828;1499.2148;12.741831;23.336475;0;0;0;0;0
4501;2024-09-19;3.1;1691.0;0.0;11.4;23.1;3.1;1691.0;0.0;11.4;23.1;263;-0.9805753940631428;-0.1961425414281971;2024;0.0;0;0.0;0;0.0;0;0.0;0;0.0;0;0;125;608739;6765479;3.0766816;1687.7189;11.3129;22.86549;0;0;0;0;0
4501;2024-09-20;3.3;1445.0;0.2;11.1;24.0;3.3;1445.0;0.2;11.1;24.0;264;-0.9837979515735163;-0.1792807588107359;2024;0.0;0;0.0;0;0.0;0;0.0;0;0.0;0;0;125;608739;6765479;3.3015547;1436.6953;11.148739;23.839447;0;0;0;0;0
4501;2024-09-21;2.5;1174.0;6.0;11.7;23.5;2.5;1174.0;6.0;11.7;23.5;265;-0.9867305793119814;-0.1623661413307641;2024;0.0;0;0.0;0;0.0;0;0.0;0;0.0;0;0;125;608739;6765479;2.5519404;1179.5675;11.823261;23.708876;0;0;0;0;0
4501;2024-09-22;1.0;319.0;3.4;16.0;18.2;1.0;319.0;3.4;16.0;18.2;266;-0.9893724130196828;-0.1454036738036903;2024;0.0;0;0.0;0;0.0;0;0.0;0;0.0;0;0;125;608739;6765479;1.1818267;311.2944;16.1822;18.08195;1;0;0;0;1
4501;2024-09-23;1.9;708.0;6.7;13.9;18.4;1.9;708.0;6.7;13.9;18.4;267;-0.9917226741361014;-0.1283983551465515;2024;0.0;0;0.0;0;0.0;0;0.0;0;0.0;0;0;125;608739;6765479;1.9337436;698.9189;14.124381;18.699492;0;0;0;1;1
4501;2024-09-24;2.6;1195.0;0.4;13.0;20.1;2.6;1195.0;0.4;13.0;20.1;268;-0.9937806700284983;-0.1113551969048086;2024;0.0;0;0.0;0;0.0;0;0.0;0;0.0;0;0;125;608739;6765479;2.644192;1203.3223;12.95221;19.92868;0;0;0;0;0
4501;2024-09-25;0.9;383.0;29.1;12.8;18.5;0.9;383.0;29.1;12.8;18.5;269;-0.9955457941960382;-0.0942792217754244;2024;0.0;0;0.0;0;0.0;0;0.0;0;0.0;0;0;125;608739;6765479;0.9279633;390.48605;13.031486;18.2107;0;0;0;1;1
4501;2024-09-26;1.6;391.0;20.0;15.1;17.7;1.6;391.0;20.0;15.1;17.7;270;-0.9970175264485268;-0.0771754621266464;2024;0.0;0;0.0;0;0.0;0;0.0;0;0.0;0;0;125;608739;6765479;1.6408042;381.672;15.260729;17.871664;0;0;0;0;0
4501;2024-09-27;2.1;935.0;5.5;11.4;16.2;2.1;935.0;5.5;11.4;16.2;271;-0.998195433059714;-0.0600489585149484;2024;0.0;0;0.0;0;0.0;0;0.0;0;0.0;0;0;125;608739;6765479;2.1328926;921.56445;11.656847;16.537024;0;0;0;1;1
4501;2024-09-28;1.4;1124.0;0.0;6.2;14.7;1.4;1124.0;0.0;6.2;14.7;272;-0.9990791668951152;-0.0429047581995538;2024;0.0;0;0.0;0;0.0;0;0.0;0;0.0;0;0;125;608739;6765479;1.431614;1117.0981;5.8710475;14.338104;0;0;1;1;1
4501;2024-09-29;1.2;572.0;0.0;4.8;14.4;1.2;572.0;0.0;4.8;14.4;273;-0.9996684675143132;-0.0257479136549881;2024;0.0;0;0.0;0;0.0;0;0.0;0;0.0;0;0;125;608739;6765479;1.1587651;555.25226;4.8336573;14.55281;0;0;0;0;0
4501;2024-09-30;1.9;759.0;0.4;11.4;18.5;1.9;759.0;0.4;11.4;18.5;274;-0.99996316124771;-0.0085834810820867;2024;0.0;0;0.0;0;0.0;0;0.0;0;0.0;0;0;125;608739;6765479;1.9156673;758.58124;11.514392;18.58972;0;0;0;0;0
4501;2024-10-01;1.4;557.0;0.2;11.9;15.2;1.4;557.0;0.2;11.9;15.2;275;-0.99996316124771;0.0085834810820872;2024;0.0;0;0.0;0;0.0;0;0.0;0;0.0;0;0;125;608739;6765479;1.4210024;555.91364;12.249007;15.463912;0;0;1;0;1
4501;2024-10-02;0.7;421.0;0.6;9.2;15.6;0.7;421.0;0.6;7.8;15.6;276;-0.999668467514313;0.0257479136549886;2024;0.0;0;0.0;0;0.0;0;-1.3999999999999997;1;-0.4000000000000003;0;1;125;608739;6765479;0.64920914;414.2628;8.014263;15.688595;0;0;0;0;0
4501;2024-10-03;1.1;385.0;0.2;8.9;13.5;1.1;385.0;0.2;8.9;13.5;277;-0.9990791668951152;0.0429047581995543;2024;0.0;0;0.0;0;0.0;0;0.0;0;0.0;0;0;125;608739;6765479;1.0740011;373.58524;8.853262;13.557388;0;0;0;0;0
4501;2024-10-04;1.4;1469.0;0.0;3.1;16.1;1.4;1469.0;0.0;3.1;16.1;278;-0.998195433059714;0.0600489585149481;2024;0.0;0;0.0;0;0.0;0;0.0;0;0.0;0;0;125;608739;6765479;1.4449766;1429.9302;2.3522632;16.455471;0;1;1;1;1
4501;2024-10-05;1.6;1481.0;0.0;3.5;17.4;1.6;1481.0;0.0;3.5;17.4;279;-0.9970175264485268;0.077175462126646;2024;0.0;0;0.0;0;0.0;0;0.0;0;0.0;0;0;125;608739;6765479;1.5509851;1476.8578;3.6468205;18.079693;0;0;0;1;1
4501;2024-10-06;0.9;417.0;1.6;10.4;18.6;0.9;417.0;1.6;10.4;18.6;280;-0.9955457941960382;0.094279221775424;2024;0.0;0;0.0;0;0.0;0;0.0;0;0.0;0;0;125;608739;6765479;0.89398986;412.48492;10.119018;18.292297;0;0;0;1;1
4501;2024-10-07;0.7;260.0;22.2;13.8;17.8;0.7;260.0;22.2;13.8;17.8;281;-0.9937806700284983;0.1113551969048082;2024;0.0;0;0.0;0;0.0;0;0.0;0;0.0;0;0;125;608739;6765479;0.72570366;269.82968;14.292767;17.70498;0;0;1;0;1
4501;2024-10-08;2.1;876.0;9.4;13.0;19.1;2.1;876.0;9.4;13.0;19.1;282;-0.9917226741361016;0.1283983551465503;2024;0.0;0;0.0;0;0.0;0;0.0;0;0.0;0;0;125;608739;6765479;2.117235;870.9442;13.175371;19.295345;0;0;0;0;0
4501;2024-10-09;0.8;148.0;35.7;13.1;17.2;0.8;148.0;35.7;13.1;17.2;283;-0.9893724130196828;0.1454036738036899;2024;0.0;0;0.0;0;0.0;0;0.0;0;0.0;0;0;125;608739;6765479;0.78993386;141.47978;13.447404;17.145376;0;0;1;0;1
4501;2024-10-10;2.1;906.0;0.2;11.1;17.5;2.1;906.0;0.2;11.1;17.5;284;-0.9867305793119814;0.1623661413307637;2024;0.0;0;0.0;0;0.0;0;0.0;0;0.0;0;0;125;608739;6765479;2.120945;901.66364;11.325425;17.803825;0;0;0;1;1
4501;2024-10-11;1.4;829.0;0.0;8.5;14.8;1.4;829.0;0.0;8.5;14.8;285;-0.9837979515735163;0.1792807588107355;2024;0.0;0;0.0;0;0.0;0;0.0;0;0.0;0;0;125;608739;6765479;1.4203479;831.6387;8.329408;14.591201;0;0;0;0;0
4501;2024-10-12;1.4;690.0;0.6;9.0;18.6;1.4;690.0;0.6;9.0;18.6;286;-0.980575394063143;0.1961425414281967;2024;0.0;0;0.0;0;0.0;0;0.0;0;0.0;0;0;125;608739;6765479;1.3770736;682.0782;8.903257;18.652948;0;0;0;0;0
4501;2024-10-13;1.9;843.0;0.0;12.1;16.8;1.9;843.0;0.0;12.1;16.8;287;-0.9770638564833508;0.2129465199384153;2024;0.0;0;0.0;0;0.0;0;0.0;0;0.0;0;0;125;608739;6765479;1.9622861;838.9722;12.309986;17.047588;1;0;0;0;1
4501;2024-10-14;1.6;1108.0;0.4;10.3;21.3;1.6;1108.0;0.4;10.3;21.3;288;-0.9732643737003828;0.229687742131795;2024;0.0;0;0.0;0;0.0;0;0.0;0;0.0;0;0;125;608739;6765479;1.5624504;1104.6945;10.209259;21.063044;0;0;0;0;0
4501;2024-10-15;0.8;498.0;0.4;11.3;19.5;0.8;498.0;0.4;11.3;19.5;289;-0.9691780654392538;0.2463612742933141;2024;0.0;0;0.0;0;0.0;0;0.0;0;0.0;0;0;125;608739;6765479;0.8159948;496.82516;11.529982;19.294153;0;0;0;0;0
4501;2024-10-16;2.8;1020.0;3.2;14.5;25.5;2.8;1020.0;3.2;14.5;25.5;290;-0.9648061359537649;0.262962202656514;2024;0.0;0;0.0;0;0.0;0;0.0;0;0.0;0;0;125;608739;6765479;2.8002932;1032.9287;14.343764;25.298296;0;0;0;0;0
4501;2024-10-17;0.9;264.0;10.6;15.1;18.2;0.9;264.0;10.6;15.1;18.2;291;-0.9601498736716018;0.2794856348516095;2024;0.0;0;0.0;0;0.0;0;0.0;0;0.0;0;0;125;608739;6765479;0.9460782;264.38593;15.68888;18.437305;0;0;1;0;1
4501;2024-10-18;1.0;358.0;0.6;12.5;15.0;1.0;358.0;0.6;12.5;15.0;292;-0.9552106508146316;0.2959267013472893;2024;0.0;0;0.0;0;0.0;0;0.0;0;0.0;0;0;125;608739;6765479;0.97829074;346.3333;12.483787;15.077053;0;0;0;0;0
4501;2024-10-19;0.6;432.0;2.4;9.6;16.4;0.6;432.0;2.4;9.6;16.4;293;-0.9499899229945012;0.3122805568857945;2024;0.0;0;0.0;0;0.0;0;0.0;0;0.0;0;0;125;608739;6765479;0.6020659;426.08194;9.670146;16.423952;0;0;0;0;0
4501;2024-10-20;1.3;627.0;0.0;12.3;19.2;1.3;627.0;0.0;12.3;19.2;294;-0.9444892287836614;0.3285423819108344;2024;0.0;0;0.0;0;0.0;0;0.0;0;0.0;0;0;125;608739;6765479;1.293849;632.85114;12.329463;19.222982;0;0;0;0;0
4501;2024-10-21;2.3;1030.0;0.4;13.8;23.0;2.3;1030.0;0.4;13.8;23.0;295;-0.938710189261944;0.3447073839879342;2024;0.0;0;0.0;0;0.0;0;0.0;0;0.0;0;0;125;608739;6765479;2.2845323;1032.7908;13.781117;22.999065;0;0;0;0;0
4501;2024-10-22;1.5;727.0;0.4;11.1;16.8;1.5;727.0;0.4;11.1;16.8;296;-0.9326545075388224;0.3607707992167836;2024;0.0;0;0.0;0;0.0;0;0.0;0;0.0;0;0;125;608739;6765479;1.4857569;713.4218;11.059172;16.905197;0;0;0;0;0
4501;2024-10-23;1.3;1133.0;0.2;5.9;17.6;1.3;1133.0;0.2;5.9;17.6;297;-0.9263239682514948;0.3767278936351853;2024;0.0;0;0.0;0;0.0;0;0.0;0;0.0;0;0;125;608739;6765479;1.3620241;1124.621;5.976253;17.765823;1;0;0;0;1
4501;2024-10-24;0.9;1062.0;0.2;5.4;21.3;0.9;1062.0;0.2;5.4;21.3;298;-0.9197204370389466;0.3925739646141719;2024;0.0;0;0.0;0;0.0;0;0.0;0;0.0;0;0;125;608739;6765479;1.0153048;1053.0994;5.472214;21.748386;1;0;0;1;1
4501;2024-10-25;1.0;291.0;11.7;12.5;17.2;1.0;291.0;11.7;12.5;17.2;299;-0.9128458599921356;0.4083043422438933;2024;0.0;0;0.0;0;0.0;0;0.0;0;0.0;0;0;125;608739;6765479;0.99707806;289.02765;12.52354;17.15779;0;0;0;0;0
4501;2024-10-26;1.0;431.0;12.3;12.3;19.6;1.0;431.0;12.3;12.3;19.6;300;-0.9057022630804716;0.4239143907098605;2024;0.0;0;0.0;0;0.0;0;0.0;0;0.0;0;0;125;608739;6765479;1.0436645;429.42834;12.40384;19.379978;0;0;0;0;0
4501;2024-10-27;0.9;278.0;0.4;13.3;16.5;0.9;278.0;0.4;13.3;16.5;301;-0.898291751554753;0.4393995096591413;2024;0.0;0;0.0;0;0.0;0;0.0;0;0.0;0;0;125;608739;6765479;0.88485724;274.02618;13.29465;16.506962;0;0;0;0;0
4501;2024-10-28;0.3;381.0;0.2;9.4;14.3;0.3;381.0;0.2;9.4;14.3;302;-0.8906165093267405;0.4547551355561054;2024;0.0;0;0.0;0;0.0;0;0.0;0;0.0;0;0;125;608739;6765479;0.28399652;377.79047;9.495155;14.261942;0;0;0;0;0
4501;2024-10-29;0.2;274.0;0.0;9.2;12.4;0.2;274.0;0.0;9.2;12.4;303;-0.8826787983255476;0.4699767430273195;2024;0.0;0;0.0;0;0.0;0;0.0;0;0.0;0;0;125;608739;6765479;0.20878562;264.51416;9.360416;12.28893;0;0;0;0;0
4501;2024-10-30;0.1;227.0;0.2;9.8;12.1;0.1;227.0;0.2;9.8;12.1;304;-0.8744809578310401;0.4850598461951956;2024;0.0;0;0.0;0;0.0;0;0.0;0;0.0;0;0;125;608739;6765479;0.15693612;230.51369;9.884618;12.183112;0;0;0;0;0
4501;2024-10-31;0.5;322.0;0.2;9.5;12.7;0.5;322.0;0.2;9.5;12.7;305;-0.8660254037844386;0.5000000000000001;2024;0.0;0;0.0;0;0.0;0;0.0;0;0.0;0;0;125;608739;6765479;0.49581236;321.84015;9.542917;12.6297655;0;0;0;0;0
4501;2024-11-01;0.1;250.0;0.2;8.0;10.2;0.1;250.0;0.2;8.0;10.2;306;-0.8573146280763323;0.5147928015098308;2024;0.0;0;0.0;0;0.0;0;0.0;0;0.0;0;0;125;608739;6765479;0.07187911;264.08032;7.604798;10.499561;0;0;1;1;1
4501;2024-11-02;0.3;168.0;0.0;8.2;10.3;0.3;168.0;0.0;8.2;10.3;307;-0.848351197812304;0.5294338912181851;2024;0.0;0;0.0;0;0.0;0;0.0;0;0.0;0;0;125;608739;6765479;0.20962757;184.02626;7.7949347;10.368363;1;0;1;0;1
4501;2024-11-03;0.4;219.0;0.0;8.1;9.9;0.4;219.0;0.0;8.1;9.9;308;-0.8391377545563939;0.5439189543287245;2024;0.0;0;0.0;0;0.0;0;0.0;0;0.0;0;0;125;608739;6765479;0.34761217;222.50763;7.77808;9.840294;0;0;1;0;1
4501;2024-11-04;0.2;264.0;0.2;7.2;9.5;0.2;264.0;0.2;7.2;9.5;309;-0.8296770135526191;0.5582437220268645;2024;0.0;0;0.0;0;0.0;0;0.0;0;0.0;0;0;125;608739;6765479;0.25455502;257.0774;7.194963;9.394783;0;0;0;0;0
4501;2024-11-05;0.4;308.0;0.4;7.9;15.3;0.4;308.0;0.4;7.9;15.3;310;-0.8199717629247775;0.5724039727378144;2024;0.0;0;0.0;0;0.0;0;0.0;0;0.0;0;0;125;608739;6765479;0.39402846;315.47055;7.989523;15.234534;0;0;0;0;0
4501;2024-11-06;0.5;308.0;0.0;9.5;11.2;0.5;308.0;0.0;9.5;11.2;311;-0.8100248628547756;0.5863955333706952;2024;0.0;0;0.0;0;0.0;0;0.0;0;0.0;0;0;125;608739;6765479;0.59030527;306.13324;9.593;11.234533;1;0;0;0;1
4501;2024-11-07;0.1;171.0;0.0;8.4;11.7;0.1;171.0;0.0;8.4;11.7;312;-0.7998392447397199;0.6002142805483676;2024;0.0;0;0.0;0;0.0;0;0.0;0;0.0;0;0;125;608739;6765479;0.024632435;188.13809;7.9992247;11.882478;1;0;1;0;1
4501;2024-11-08;0.1;149.0;0.2;8.5;10.5;0.1;149.0;0.2;8.5;10.5;313;-0.7894179103280197;0.613856141822612;2024;0.0;0;0.0;0;0.0;0;0.0;0;0.0;0;0;125;608739;6765479;0.08366655;160.56084;8.1867895;10.476544;0;0;1;0;1
4501;2024-11-09;0.6;606.0;0.0;7.0;17.5;0.6;606.0;0.0;7.0;17.5;314;-0.7787639308347607;0.6273170968742937;2024;0.0;0;0.0;0;0.0;0;0.0;0;0.0;0;0;125;608739;6765479;0.58983725;604.1797;7.107993;17.52117;0;0;0;0;0
4501;2024-11-10;0.2;100.0;0.2;10.2;11.3;0.2;100.0;0.2;10.2;11.3;315;-0.7678804460366002;0.640593178698175;2024;0.0;0;0.0;0;0.0;0;0.0;0;0.0;0;0;125;608739;6765479;0.08132146;129.25157;9.62873;11.438605;1;1;1;0;1
4501;2024-11-11;0.5;270.0;0.6;4.0;12.5;0.5;270.0;0.6;4.0;12.5;316;-0.7567706633464628;0.6536804747720056;2024;0.0;0;0.0;0;0.0;0;0.0;0;0.0;0;0;125;608739;6765479;0.49001652;295.48102;4.0935616;12.54614;0;1;0;0;1
4501;2024-11-12;0.4;230.0;0.4;5.2;9.9;0.4;230.0;0.4;5.2;9.9;317;-0.7454378568682999;0.6665751282095634;2024;0.0;0;0.0;0;0.0;0;0.0;0;0.0;0;0;125;608739;6765479;0.4189114;232.42053;5.262772;9.953734;0;0;0;0;0
4501;2024-11-13;1.0;265.0;0.0;4.3;8.8;1.0;265.0;0.0;4.3;8.8;318;-0.7338853664321989;0.6792733388972934;2024;0.0;0;0.0;0;0.0;0;0.0;0;0.0;0;0;125;608739;6765479;0.88546944;287.4968;4.001789;9.116685;1;1;1;1;1
4501;2024-11-14;0.2;438.0;0.0;1.2;11.7;0.2;438.0;0.0;1.2;11.7;319;-0.7221165966101161;0.6917713646142221;2024;0.0;0;0.0;0;0.0;0;0.0;0;0.0;0;0;125;608739;6765479;0.22764128;458.20767;1.1572313;12.226071;0;0;0;1;1
4501;2024-11-15;0.3;205.0;0.0;5.3;10.4;0.3;205.0;0.0;5.3;10.4;320;-0.7101350157125358;0.7040655221348057;2024;0.0;0;0.0;0;0.0;0;0.0;0;0.0;0;0;125;608739;6765479;0.33244142;216.14954;5.117187;10.497993;0;0;0;0;0
4501;2024-11-16;0.2;236.0;0.0;1.7;5.9;0.2;236.0;0.0;1.7;5.9;321;-0.6979441547663436;0.7161521883143933;2024;0.0;0;0.0;0;0.0;0;0.0;0;0.0;0;0;125;608739;6765479;0.18468064;229.8804;1.5215563;5.9443946;0;0;0;0;0
4501;2024-11-17;0.0;199.0;0.6;1.9;7.5;0.0;199.0;0.6;1.9;7.5;322;-0.6855476064742156;0.7280278011569846;2024;0.0;0;0.0;0;0.0;0;0.0;0;0.0;0;0;125;608739;6765479;-0.0021397402;187.20836;1.6969653;7.521444;0;0;0;0;0
4501;2024-11-18;0.2;207.0;2.2;6.4;10.7;0.2;207.0;2.2;6.4;10.7;323;-0.6729490241558331;0.7396888608649665;2024;0.0;0;0.0;0;0.0;0;0.0;0;0.0;0;0;125;608739;6765479;0.2477834;221.47336;6.2531104;10.745869;0;0;0;0;0
4501;2024-11-19;0.9;91.0;11.9;9.2;13.2;0.9;91.0;11.9;9.2;13.2;324;-0.6601521206712321;0.7511319308705195;2024;0.0;0;0.0;0;0.0;0;0.0;0;0.0;0;0;125;608739;6765479;0.82672554;122.117455;9.17684;13.604415;1;1;0;1;1
4501;2024-11-20;0.7;628.0;0.0;-0.4;7.7;0.7;628.0;0.0;-0.4;7.7;325;-0.6471606673266065;0.7623536388483899;2024;0.0;0;0.0;0;0.0;0;0.0;0;0.0;0;0;125;608739;6765479;0.7269841;609.0628;-0.40744;7.98914;0;0;0;1;1
4501;2024-11-21;0.1;123.0;10.1;-1.3;1.8;0.1;123.0;10.1;-1.3;1.8;326;-0.6339784927628872;0.7733506777097294;2024;0.0;0;0.0;0;0.0;0;0.0;0;0.0;0;0;125;608739;6765479;0.10292297;127.084946;-1.3225266;1.8902416;0;0;0;0;0
4501;2024-11-22;0.0;610.0;0.0;-3.5;3.4;0.0;610.0;0.0;-3.5;3.4;327;-0.6206094818274227;0.7841198065767104;2024;0.0;0;0.0;0;0.0;0;0.0;0;0.0;0;0;125;608739;6765479;-0.008427674;607.0111;-3.6368442;3.4272602;0;0;0;0;0
4501;2024-11-23;1.9;350.0;0.2;-0.2;12.8;1.9;350.0;0.2;0.6;14.9;328;-0.607057574429101;0.7946578517376245;2024;0.0;0;0.0;0;0.0;0;0.8;1;2.1;1;1;125;608739;6765479;2.1025426;379.75305;1.0106788;15.048286;1;1;1;0;1
4501;2024-11-24;3.2;322.0;0.0;9.8;18.6;3.2;322.0;0.0;9.8;18.6;329;-0.5933267643772321;0.8049617075821959;2024;0.0;0;0.0;0;0.0;0;0.0;0;0.0;0;0;125;608739;6765479;3.1873507;343.40942;9.349878;18.874664;0;1;1;0;1
4501;2024-11-25;1.4;95.0;8.9;8.9;15.6;1.4;95.0;8.9;8.9;15.6;330;-0.5794210982045647;0.8150283375168107;2024;0.0;0;0.0;0;0.0;0;0.0;0;0.0;0;0;125;608739;6765479;1.425585;77.53756;9.245982;15.46322;0;0;1;0;1
4501;2024-11-26;0.3;155.0;0.4;7.3;10.5;0.3;155.0;0.4;7.3;10.5;331;-0.5653446739747432;0.8248547748594242;2024;0.0;0;0.0;0;0.0;0;0.0;0;0.0;0;0;125;608739;6765479;0.35634515;171.78645;7.3153634;10.518113;0;0;0;0;0
4501;2024-11-27;0.2;170.0;8.4;7.9;13.2;0.2;170.0;8.4;7.9;13.2;332;-0.5511016400745998;0.8344381237138475;2024;0.0;0;0.0;0;0.0;0;0.0;0;0.0;0;0;125;608739;6765479;0.27108756;167.81079;7.952124;13.282301;1;0;0;0;1
4501;2024-11-28;0.5;386.0;0.0;4.9;9.1;0.5;386.0;0.0;4.9;9.1;333;-0.5366961939916011;0.8437755598231853;2024;0.0;0;0.0;0;0.0;0;0.0;0;0.0;0;0;125;608739;6765479;0.48697728;378.9651;4.9602895;9.064808;0;0;0;0;0
4501;2024-11-29;0.9;627.0;0.0;1.1;9.5;0.9;627.0;0.0;1.1;9.5;334;-0.5221325810768248;0.8528643314021598;2024;0.0;0;0.0;0;0.0;0;0.0;0;0.0;0;0;125;608739;6765479;0.86041135;623.80597;0.87242866;9.75198;0;0;0;0;0
4501;2024-11-30;0.1;318.0;0.0;-1.3;4.1;0.1;318.0;0.0;-1.3;4.1;335;-0.5074150932938463;0.8617017599480677;2024;0.0;0;0.0;0;0.0;0;0.0;0;0.0;0;0;125;608739;6765479;0.09685261;313.23746;-1.2885047;4.128105;0;0;0;0;0
4501;2024-12-01;0.1;309.0;0.4;1.9;13.0;0.1;309.0;0.4;1.9;13.0;336;-0.4925480679538645;0.8702852410301551;2024;0.0;0;0.0;0;0.0;0;0.0;0;0.0;0;0;125;608739;6765479;0.112119935;296.78473;1.7591255;13.023961;0;0;0;0;0
4501;2024-12-02;0.7;362.0;0.6;7.8;12.7;0.7;362.0;0.6;7.8;12.7;337;-0.4775358864374884;0.8786122450571482;2024;0.0;0;0.0;0;0.0;0;0.0;0;0.0;0;0;125;608739;6765479;0.7442094;332.63348;8.058559;12.510556;0;1;0;0;1
4501;2024-12-03;0.1;283.0;0.6;1.5;8.2;0.1;283.0;0.6;1.5;8.2;338;-0.4623829729035152;0.8866803180227398;2024;0.0;0;0.0;0;0.0;0;0.0;0;0.0;0;0;125;608739;6765479;0.09916279;276.7538;1.5084549;8.18581;0;0;0;0;0
4501;2024-12-04;0.1;205.0;0.0;-0.1;5.5;0.1;205.0;0.0;-0.1;5.5;339;-0.4470937929851143;0.8944870822287954;2024;0.0;0;0.0;0;0.0;0;0.0;0;0.0;0;0;125;608739;6765479;0.0998155;199.14253;-0.043831732;5.5207925;0;0;0;0;0
4501;2024-12-05;0.5;96.0;4.2;3.6;13.5;0.5;96.0;4.2;3.6;13.5;340;-0.4316728524737835;0.9020302369860708;2024;0.0;0;0.0;0;0.0;0;0.0;0;0.0;0;0;125;608739;6765479;0.50916773;72.49698;3.495847;13.500261;0;1;0;0;1
4501;2024-12-06;0.9;506.0;2.6;5.4;12.1;0.9;506.0;2.6;5.4;12.1;341;-0.4161246959914751;0.9093075592922356;2024;0.0;0;0.0;0;0.0;0;0.0;0;0.0;0;0;125;608739;6765479;0.8695282;487.9635;5.555047;12.101125;0;0;0;0;0
4501;2024-12-07;0.8;340.0;3.4;6.2;11.1;0.8;340.0;3.4;6.2;11.1;342;-0.4004539056512665;0.9163169044870048;2024;0.0;0;0.0;0;0.0;0;0.0;0;0.0;0;0;125;608739;6765479;0.77217203;327.21725;6.308583;11.125527;0;0;0;0;0
4501;2024-12-08;0.6;156.0;1.6;6.0;8.3;0.6;156.0;1.6;6.0;8.3;343;-0.3846650997070013;0.923056206884176;2024;0.0;0;0.0;0;0.0;0;0.0;0;0.0;0;0;125;608739;6765479;0.6079299;170.69737;6.115732;8.335876;0;0;0;0;0
4501;2024-12-09;0.7;174.0;0.6;4.6;5.9;0.7;174.0;0.6;4.6;5.9;344;-0.3687629311922604;0.9295234803804002;2024;0.0;0;0.0;0;0.0;0;0.0;0;0.0;0;0;125;608739;6765479;0.70604354;190.49342;4.7421994;5.9610705;0;0;0;0;0
4501;2024-12-10;0.5;113.0;0.6;3.6;6.0;0.5;113.0;0.6;3.6;6.0;345;-0.3527520865490943;0.935716819040494;2024;0.0;0;0.0;0;0.0;0;0.0;0;0.0;0;0;125;608739;6765479;0.5090213;126.46065;3.748985;6.0665164;0;0;0;0;0
4501;2024-12-11;0.7;91.0;0.0;3.9;4.6;0.7;91.0;0.0;3.9;4.6;346;-0.3366372842469107;0.9416343976591258;2024;0.0;0;0.0;0;0.0;0;0.0;0;0.0;0;0;125;608739;6765479;0.7142947;116.25183;4.0890317;4.704787;0;1;0;0;1
4501;2024-12-12;0.7;94.0;0.0;2.9;3.5;0.7;94.0;0.0;2.9;3.5;347;-0.3204232733919109;0.947274472298717;2024;0.0;0;0.0;0;0.0;0;0.0;0;0.0;0;0;125;608739;6765479;0.7124785;117.61437;3.0994828;3.6140132;0;1;0;0;1
4501;2024-12-13;0.3;255.0;0.0;1.2;2.4;0.3;255.0;0.0;1.2;2.4;348;-0.3041148323275185;0.9526353808033824;2024;0.0;0;0.0;0;0.0;0;0.0;0;0.0;0;0;125;608739;6765479;0.29544872;255.79903;1.3617386;2.4947257;0;0;0;0;0
4501;2024-12-14;0.1;155.0;0.0;0.7;4.7;0.1;155.0;0.0;0.7;4.7;349;-0.2877167672261669;0.9577155432887804;2024;0.0;0;0.0;0;0.0;0;0.0;0;0.0;0;0;125;608739;6765479;0.10080538;151.7549;0.845263;4.7707186;0;0;0;0;0
4501;2024-12-15;0.0;298.0;0.4;0.4;9.1;0.0;298.0;0.4;0.4;9.1;350;-0.2712339106729109;0.962513462607708;2024;0.0;0;0.0;0;0.0;0;0.0;0;0.0;0;0;125;608739;6765479;0.0049903058;295.12408;0.46202472;9.111854;0;0;0;0;0
4501;2024-12-16;0.2;103.0;0.0;7.5;9.0;0.2;103.0;0.0;7.5;9.0;351;-0.2546711202412289;0.9670277247913204;2024;0.0;0;0.0;0;0.0;0;0.0;0;0.0;0;0;125;608739;6765479;0.21620536;121.803474;7.673607;9.101692;0;0;0;0;0
4501;2024-12-17;0.4;222.0;0.0;5.6;8.6;0.4;222.0;0.0;5.6;8.6;352;-0.2380332770614867;0.9712569994658312;2024;0.0;0;0.0;0;0.0;0;0.0;0;0.0;0;0;125;608739;6765479;0.39479846;219.91286;5.7232676;8.631962;0;0;0;0;0
4501;2024-12-18;0.5;198.0;3.0;6.5;13.4;0.5;198.0;3.0;6.5;13.4;353;-0.2213252843824329;0.9752000402445824;2024;0.0;0;0.0;0;0.0;0;0.0;0;0.0;0;0;125;608739;6765479;0.4952618;184.40198;6.5410337;13.442076;0;0;0;0;0
4501;2024-12-19;0.7;266.0;1.8;4.2;11.9;0.7;266.0;1.8;4.2;11.9;354;-0.2045520661262005;0.978855685095358;2024;0.0;0;0.0;0;0.0;0;0.0;0;0.0;0;0;125;608739;6765479;0.6911796;259.03745;4.253199;11.848182;0;0;0;0;0
4501;2024-12-20;0.2;467.0;1.2;-0.5;7.9;0.2;467.0;1.2;-0.5;7.9;355;-0.1877185654371994;0.9822228566828404;2024;0.0;0;0.0;0;0.0;0;0.0;0;0.0;0;0;125;608739;6765479;0.1990908;467.6023;-0.4456495;7.932195;0;0;0;0;0
4501;2024-12-21;0.2;196.0;4.0;5.8;11.2;0.2;196.0;4.0;5.8;11.2;356;-0.170829743225344;0.985300562686109;2024;0.0;0;0.0;0;0.0;0;0.0;0;0.0;0;0;125;608739;6765479;0.19763353;190.87286;5.8980637;11.222057;0;0;0;0;0
4501;2024-12-22;0.5;214.0;4.6;3.6;8.2;0.5;214.0;4.6;3.6;8.2;357;-0.1538905767040627;0.9880878960910772;2024;0.0;0;0.0;0;0.0;0;0.0;0;0.0;0;0;125;608739;6765479;0.4918572;209.46523;3.7166834;8.235664;0;0;0;0;0
4501;2024-12-23;0.9;385.0;0.8;3.6;7.6;0.9;385.0;0.8;3.6;7.6;358;-0.1369060579234754;0.9905840354577968;2024;0.0;0;0.0;0;0.0;0;0.0;0;0.0;0;0;125;608739;6765479;0.8824891;382.24124;3.691982;7.6174393;0;0;0;0;0
4501;2024-12-24;0.1;172.0;0.4;4.8;8.0;0.1;172.0;0.4;4.8;8.0;359;-0.1198811922992275;0.99278824516254;2024;0.0;0;0.0;0;0.0;0;0.0;0;0.0;0;0;125;608739;6765479;0.09691161;168.87868;4.942002;8.091392;0;0;0;0;0
4501;2024-12-25;0.1;148.0;0.2;7.4;9.5;0.1;148.0;0.2;7.4;9.5;360;-0.1028209971373608;0.9946998756145892;2024;0.0;0;0.0;0;0.0;0;0.0;0;0.0;0;0;125;608739;6765479;0.10101817;151.00505;7.550113;9.605619;0;0;0;0;0
4501;2024-12-26;0.2;357.0;0.0;3.8;6.6;0.2;357.0;0.0;3.8;6.6;361;-0.0857305001556948;0.9963183634476755;2024;0.0;0;0.0;0;0.0;0;0.0;0;0.0;0;0;125;608739;6765479;0.1923415;357.49927;3.9218035;6.7116137;0;0;0;0;0
4501;2024-12-27;0.1;247.0;0.0;-1.9;0.3;0.1;247.0;0.0;-1.9;0.3;362;-0.0686147380021346;0.9976432316860064;2024;0.0;0;0.0;0;0.0;0;0.0;0;0.0;0;0;125;608739;6765479;0.09302014;248.05782;-1.7417324;0.4718285;0;0;0;0;0
4501;2024-12-28;0.0;92.0;0.0;-2.0;2.8;0.0;92.0;0.0;-2.0;2.8;363;-0.0514787547703464;0.9986740898848304;2024;0.0;0;0.0;0;0.0;0;0.0;0;0.0;0;0;125;608739;6765479;0.0002356425;89.90634;-1.8293736;2.9626112;0;0;0;0;0
4501;2024-12-29;0.2;138.0;0.0;1.5;3.7;0.2;138.0;0.0;1.5;3.7;364;-0.0343276005132434;0.9994106342455052;2024;0.0;0;0.0;0;0.0;0;0.0;0;0.0;0;0;125;608739;6765479;0.19284964;135.88129;1.6715134;3.859635;0;0;0;0;0
4501;2024-12-30;0.1;88.0;0.0;0.8;1.9;0.1;88.0;0.0;0.8;1.9;365;-0.0171663297547074;0.9998526477050268;2024;0.0;0;0.0;0;0.0;0;0.0;0;0.0;0;0;125;608739;6765479;0.09470082;87.61939;0.99945813;2.1015205;0;0;0;0;0
4501;2024-12-31;0.1;141.0;0.0;1.4;3.6;0.1;141.0;0.0;1.4;3.6;366;-2.4492935982947064e-16;1.0;2024;0.0;0;0.0;0;0.0;0;0.0;0;0.0;0;0;125;608739;6765479;0.093220346;139.2635;1.5658665;3.781773;0;0;0;0;0
